cancer,pair,selectionSource,nJointlyAssayCoveredBeforeExclusion,nAssayDiscordantSpecimensInCancer,nJointlyAssayCoveredSpecimensExcluded,nJointlyAssayCoveredAfterExclusion,selectedConflictRecordsAllCancers,selectedConflictSpecimensAllCancers,sensitivityDefinition,excludeDiscordantNoBurden_full_or,excludeDiscordantNoBurden_full_ciLow,excludeDiscordantNoBurden_full_ciHigh,excludeDiscordantNoBurden_full_p,excludeDiscordantNoBurden_full_nStrata,excludeDiscordantNoBurden_full_nInformativeStrata,excludeDiscordantNoBurden_wes_or,excludeDiscordantNoBurden_wes_ciLow,excludeDiscordantNoBurden_wes_ciHigh,excludeDiscordantNoBurden_wes_p,excludeDiscordantNoBurden_wes_nStrata,excludeDiscordantNoBurden_wes_nInformativeStrata,excludeDiscordantNoBurden_panel_or,excludeDiscordantNoBurden_panel_ciLow,excludeDiscordantNoBurden_panel_ciHigh,excludeDiscordantNoBurden_panel_p,excludeDiscordantNoBurden_panel_nStrata,excludeDiscordantNoBurden_panel_nInformativeStrata,excludeDiscordantLeaveTwoOut_full_or,excludeDiscordantLeaveTwoOut_full_ciLow,excludeDiscordantLeaveTwoOut_full_ciHigh,excludeDiscordantLeaveTwoOut_full_p,excludeDiscordantLeaveTwoOut_full_nStrata,excludeDiscordantLeaveTwoOut_full_nInformativeStrata,excludeDiscordantLeaveTwoOut_wes_or,excludeDiscordantLeaveTwoOut_wes_ciLow,excludeDiscordantLeaveTwoOut_wes_ciHigh,excludeDiscordantLeaveTwoOut_wes_p,excludeDiscordantLeaveTwoOut_wes_nStrata,excludeDiscordantLeaveTwoOut_wes_nInformativeStrata,excludeDiscordantLeaveTwoOut_panel_or,excludeDiscordantLeaveTwoOut_panel_ciLow,excludeDiscordantLeaveTwoOut_panel_ciHigh,excludeDiscordantLeaveTwoOut_panel_p,excludeDiscordantLeaveTwoOut_panel_nStrata,excludeDiscordantLeaveTwoOut_panel_nInformativeStrata,noBurdenDirectionStableAfterDiscordantExclusion,noBurdenDiscordantExclusionLog2OrDifference,leaveTwoOutDirectionStableAfterDiscordantExclusion,leaveTwoOutDiscordantExclusionLog2OrDifference
AML,ASXL1-NPM1,Figure 8 displayed context,4205,0,0,4205,2508,1832,exclude every selected specimen with at least one mutation outside documented assay scope,0.2577958595,0.1409741161,0.4714248758,1.163054056e-06,63,21,0.2889710023,0.1018229065,0.8200928749,0.004115755054,49,14,0.2456024425,0.1174133809,0.5137451907,6.540789335e-05,14,7,0.193718187,0.1037542488,0.3616886673,1.627201463e-09,198,42,0.2457120201,0.08458288446,0.7137897603,0.0008034420371,167,23,0.1749620918,0.08120755549,0.3769567176,4.016832475e-07,31,19,True,0,True,0
AML,DNMT3A-SRSF2,Figure 8 displayed context,4205,0,0,4205,2508,1832,exclude every selected specimen with at least one mutation outside documented assay scope,0.3620773449,0.257176424,0.5097668039,1.020617741e-09,63,34,0.2969362604,0.1790447702,0.4924530475,2.992282773e-07,49,27,0.4402507037,0.2757850528,0.7027961818,0.0004819361343,14,7,0.2922866809,0.2025909421,0.4216945878,1.888226482e-12,193,79,0.2409633304,0.1384798601,0.4192907658,2.500347463e-08,160,54,0.348214475,0.2129561699,0.5693815804,1.14927855e-05,33,25,True,-4.440892099e-16,True,0
AML,FLT3-NPM1,Figure 8 displayed context,4205,0,0,4205,2508,1832,exclude every selected specimen with at least one mutation outside documented assay scope,3.143151283,2.502579382,3.947686958,2.434178878e-25,63,23,4.482299828,2.974931033,6.753437819,1.432889972e-14,49,16,2.636250127,1.997779625,3.478769452,5.083285595e-13,14,7,2.55933533,2.025118075,3.23447675,3.120780253e-19,192,56,4.2147742,2.729656322,6.507896769,7.085423554e-13,160,37,2.054610164,1.5520865,2.719837409,6.009070714e-09,32,19,True,2.220446049e-16,True,0
AML,NPM1-RUNX1,Figure 8 displayed context; prespecified reference context,4205,0,0,4205,2508,1832,exclude every selected specimen with at least one mutation outside documented assay scope,0.09400139364,0.0462806614,0.1909277382,6.421581682e-16,63,17,0.2262617755,0.05676590817,0.9018510004,0.01950978448,49,10,0.07446807605,0.03248835766,0.1706917416,7.42156526e-15,14,7,0.06811537862,0.03303617534,0.1404431584,4.206042082e-21,198,34,0.210622574,0.05449267679,0.8140886319,0.01738000352,168,17,0.04930325702,0.02047122031,0.1187428554,2.627501257e-20,30,17,True,-4.440892099e-16,True,0
BLCA,FGFR3-RB1,Figure 8 displayed context,4159,86,86,4073,2508,1832,exclude every selected specimen with at least one mutation outside documented assay scope,0.1693151066,0.1143554847,0.2506885036,3.885392557e-24,74,38,0.2397321803,0.1254277678,0.4582041064,2.489225309e-06,17,14,0.1415815831,0.08627533391,0.2323415483,1.513967812e-19,57,24,0.1568895657,0.1045844448,0.2353536981,1.382683399e-24,231,92,0.212889454,0.1108521141,0.4088502956,2.567673851e-07,69,36,0.1320745364,0.07863560445,0.2218293264,6.604932051e-19,162,56,True,-0.02808128036,True,0.02550245211
BLCA,FGFR3-TP53,Figure 8 displayed context,4159,86,86,4073,2508,1832,exclude every selected specimen with at least one mutation outside documented assay scope,0.2160315541,0.1777498984,0.2625578569,1.073399662e-61,74,47,0.2455686079,0.1728199592,0.348940837,6.132269029e-17,17,15,0.2037532919,0.1611697751,0.2575880243,1.026575927e-46,57,32,0.1923964316,0.1561631903,0.2370365694,1.728826135e-64,231,136,0.2034425233,0.1406611823,0.2942450762,1.591409026e-20,69,49,0.1873488413,0.1454773633,0.2412718207,1.034837303e-45,162,87,True,0.01008810316,True,0.02328635743
BLCA,RB1-TP53,Figure 8 displayed context,4159,86,86,4073,2508,1832,exclude every selected specimen with at least one mutation outside documented assay scope,4.125240106,3.380618246,5.033873892,1.663620628e-49,74,47,3.958540077,2.868505469,5.462788799,4.10355741e-19,17,14,4.229417814,3.283156868,5.448407055,4.475395835e-32,57,33,3.887426822,3.158188118,4.785049761,8.78599146e-42,229,110,3.426556996,2.448482622,4.79533436,3.596493267e-14,69,40,4.195497373,3.220219302,5.466148904,2.34081849e-29,160,70,True,-0.03152701461,True,-0.01988423055
BRCA,AKT1-PIK3CA,Figure 8 displayed context,12717,4,4,12713,2508,1832,exclude every selected specimen with at least one mutation outside documented assay scope,0.1909625577,0.1435761447,0.2539885613,2.170550644e-37,147,61,0.2194333673,0.1141507241,0.4218195117,4.726706774e-07,62,24,0.1846971034,0.1345432624,0.2535468473,6.069464844e-32,85,37,0.1873879464,0.140534958,0.2498612654,1.273512502e-37,418,154,0.2169012144,0.1122420053,0.4191491116,4.680603344e-07,185,57,0.180971171,0.1314531773,0.2491424355,3.676406605e-32,233,97,True,-0.0002367063337,True,-0.0007491419396
BRCA,ESR1-TP53,Figure 8 displayed context,10284,4,4,10280,2508,1832,exclude every selected specimen with at least one mutation outside documented assay scope,0.2836695556,0.2270303796,0.3544389826,4.473356682e-32,141,60,0.2406949561,0.1466347476,0.3950909512,7.870712864e-10,62,22,0.2965258108,0.231034972,0.380581155,6.508695991e-24,79,38,0.2613663814,0.2078491269,0.3286633259,2.270305562e-34,394,149,0.2271546215,0.1370759866,0.376427873,1.722579879e-10,185,46,0.2717344855,0.210062768,0.3515122235,1.388693949e-25,209,103,True,0.0024660291,True,0.001261413963
BRCA,PIK3CA-TP53,Figure 8 displayed context,12717,4,4,12713,2508,1832,exclude every selected specimen with at least one mutation outside documented assay scope,0.6006513117,0.554208097,0.6509865162,7.625130574e-36,147,93,0.6969228843,0.591802662,0.8207153126,1.445395993e-05,62,37,0.5727735004,0.5221816952,0.6282669151,1.144740457e-32,85,56,0.5871490173,0.5406746515,0.6376181453,3.034032072e-37,418,280,0.6860742428,0.5785581955,0.8135704762,1.408894537e-05,184,117,0.5599725947,0.5095985899,0.6153260881,4.867993929e-34,234,163,True,-0.0001056580365,True,-0.0001883502576
CCRCC,BAP1-PBRM1,Figure 8 displayed context,2625,0,0,2625,2508,1832,exclude every selected specimen with at least one mutation outside documented assay scope,0.3315548761,0.2479111452,0.4434194994,1.183265251e-14,19,16,0.3105062764,0.2124822043,0.4537516354,2.131836648e-10,9,8,0.3695979615,0.2349357337,0.5814468961,1.136574382e-05,10,8,0.2835638384,0.210738297,0.381555947,1.882691915e-18,68,45,0.2544124631,0.1727349956,0.3747109908,1.328333984e-13,37,23,0.339822772,0.2136246053,0.5405721695,2.394768766e-06,31,22,True,2.220446049e-16,True,0
CHOL,BAP1-TP53,Figure 8 displayed context,2591,0,0,2591,2508,1832,exclude every selected specimen with at least one mutation outside documented assay scope,0.2575842378,0.1714074806,0.3870871874,4.631824207e-12,44,29,0.3062129037,0.1873446392,0.5005018707,6.996152843e-07,16,11,0.1891791004,0.09052349271,0.3953529735,1.287411718e-06,28,18,0.2764238844,0.1815308782,0.420921028,3.245454563e-10,153,64,0.3259861475,0.1946827494,0.5458468645,1.20668062e-05,57,25,0.2104619389,0.1004844859,0.4408066311,5.08310465e-06,96,39,True,4.440892099e-16,True,0
COADREAD,APC-BRAF,Figure 8 displayed context,11245,46,46,11199,2508,1832,exclude every selected specimen with at least one mutation outside documented assay scope,0.2848062404,0.2499532665,0.3245190419,3.44548167e-88,112,68,0.3253666193,0.2633497529,0.4019879868,3.334681096e-27,25,18,0.2600528604,0.2204781317,0.3067310561,7.836193841e-65,87,50,0.2753900051,0.238750142,0.317652816,8.31736554e-78,345,156,0.2730968207,0.2152892598,0.3464263548,7.838708931e-30,100,51,0.2767875963,0.2315720425,0.3308317041,8.514473011e-50,245,105,True,-0.0006785662588,True,-0.005150657003
COADREAD,APC-KRAS,Figure 8 displayed context,11245,46,46,11199,2508,1832,exclude every selected specimen with at least one mutation outside documented assay scope,1.889499353,1.727066138,2.06720966,5.613184749e-45,112,85,2.33584957,2.033797652,2.682761094,1.153625879e-34,25,20,1.614534256,1.434084445,1.817689936,1.572078921e-15,87,65,1.609475087,1.464637614,1.768635484,1.636925964e-23,342,223,1.695581821,1.462109093,1.966335978,1.33954063e-12,100,75,1.553572255,1.374787082,1.755607675,1.156495887e-12,242,148,True,0.005299139841,True,0.003646813947
COADREAD,APC-RNF43,Figure 8 displayed context,11118,46,46,11072,2508,1832,exclude every selected specimen with at least one mutation outside documented assay scope,0.2242412542,0.1950391951,0.257815564,1.117581811e-118,107,62,0.2844179427,0.2283048002,0.3543226688,3.337403822e-33,25,18,0.1879110253,0.1569845888,0.2249300628,3.48356456e-92,82,44,0.195707373,0.1652569993,0.2317685544,5.758221359e-100,332,134,0.218557433,0.1685763315,0.283357403,1.192146725e-36,100,50,0.1802238387,0.1441752213,0.2252858136,7.76781567e-66,232,84,True,0.006443604093,True,0.008205077036
COADREAD,BRAF-KRAS,Figure 8 displayed context; prespecified reference context; prespecified principal context,11245,46,46,11199,2508,1832,exclude every selected specimen with at least one mutation outside documented assay scope,0.1472334248,0.120993261,0.1791643701,4.982539504e-106,112,66,0.1689247044,0.121881164,0.2341260522,3.37234359e-33,25,18,0.1361888018,0.1065215502,0.1741186615,4.549602727e-75,87,48,0.1282437022,0.1039101381,0.158275674,1.511281526e-107,342,158,0.1317778553,0.0923854941,0.1879667723,2.439651807e-37,100,49,0.1264457204,0.09738057158,0.1641859351,4.716570942e-72,242,109,True,0.003027579948,True,0.004541220174
COADREAD,BRAF-RNF43,Figure 8 displayed context,11118,46,46,11072,2508,1832,exclude every selected specimen with at least one mutation outside documented assay scope,8.578076651,7.351711547,10.00901607,8.716891255e-202,107,53,7.974934044,6.240376145,10.19162492,4.189001853e-75,25,17,8.996015566,7.375633114,10.97238634,8.955852751e-129,82,36,3.802722505,3.14996281,4.590752122,3.889518784e-49,327,104,2.847156132,2.114299861,3.834034229,4.705295536e-13,100,36,4.623694749,3.617184834,5.910273905,5.245285535e-39,227,68,True,0.01231768118,True,0.007875808156
COADREAD,KRAS-NRAS,Figure 8 displayed context,11245,46,46,11199,2508,1832,exclude every selected specimen with at least one mutation outside documented assay scope,0.1233627395,0.08705027829,0.1748227092,1.033207898e-44,112,53,0.2198753338,0.1362330174,0.3548711121,1.063036847e-11,25,19,0.07546622927,0.04473628314,0.1273049829,1.105995632e-35,87,34,0.117553265,0.08242612972,0.1676503574,6.35787826e-47,343,135,0.1962339039,0.1217595712,0.316260518,2.090656963e-14,100,53,0.07367876938,0.04293586197,0.126434193,1.190847737e-34,243,82,True,0.009613769477,True,0.005960996251
COADREAD,KRAS-TP53,Figure 8 displayed context,11245,46,46,11199,2508,1832,exclude every selected specimen with at least one mutation outside documented assay scope,0.5790396574,0.5316427705,0.6306620599,2.359510446e-37,112,84,0.9133675641,0.8011381243,1.041318946,0.1707715317,25,19,0.4087628346,0.3646301755,0.4582370471,7.759474677e-55,87,65,0.4603734379,0.4189798937,0.5058564994,6.404355303e-62,342,224,0.6503402114,0.5629061698,0.7513550451,2.357113334e-09,99,79,0.3560557279,0.3140191608,0.4037195725,4.638244827e-62,243,145,True,0.006038037376,True,0.001075433123
COADREAD,PIK3CA-TP53,Figure 8 displayed context,11245,46,46,11199,2508,1832,exclude every selected specimen with at least one mutation outside documented assay scope,0.3971079989,0.3592979949,0.438896863,1.262231585e-78,112,77,0.5555695549,0.474710672,0.6502013721,4.235387111e-14,25,19,0.3097657654,0.2722597977,0.3524384804,1.964950606e-74,87,58,0.4769609804,0.4284712569,0.5309382443,1.834538233e-44,343,206,0.5591730141,0.4721450686,0.6622423499,3.570981677e-12,100,72,0.4267082195,0.3715531498,0.4900507631,1.836325278e-35,243,134,True,-0.002822396572,True,-0.00486462765
GBM,ATRX-IDH1,Figure 8 displayed context,2381,1,1,2380,2508,1832,exclude every selected specimen with at least one mutation outside documented assay scope,49.6701737,27.21757854,90.64458663,6.424628087e-82,27,18,76.54087353,34.37325432,170.4379011,6.652080928e-66,9,7,32.68825514,13.39787125,79.7531193,5.251352653e-25,18,11,38.85363024,19.26665949,78.35320822,1.372350881e-62,88,40,54.118874,22.4523439,130.4475175,1.457276115e-51,26,19,26.87582679,9.220786467,78.33497373,2.251283507e-18,62,21,True,-0.02330690112,True,-0.019950168
GBM,ATRX-TP53,Figure 8 displayed context,2381,1,1,2380,2508,1832,exclude every selected specimen with at least one mutation outside documented assay scope,6.503390027,4.675014016,9.046835303,6.002210347e-36,27,20,16.87621025,8.760243908,32.51124914,5.426197223e-27,9,7,4.507629184,3.041463841,6.680572882,1.73282974e-15,18,13,5.509152007,3.925544376,7.731604315,2.874097402e-26,90,56,9.929433361,5.155888929,19.12253119,4.273678115e-16,26,19,4.229971269,2.82457839,6.334629267,4.869996712e-13,64,37,True,0.02462450642,True,0.02422040605
GBM,EGFR-IDH1,Figure 8 displayed context,2381,1,1,2380,2508,1832,exclude every selected specimen with at least one mutation outside documented assay scope,0.4431562522,0.2190139438,0.8966893181,0.01951231202,27,16,0.398179777,0.1429256059,1.109298323,0.0645730886,9,6,0.4939916146,0.1866556346,1.307368598,0.1482452821,18,10,0.3473017947,0.1665926962,0.7240325618,0.002939402168,91,37,0.2698952871,0.09633009012,0.7561860049,0.007602617528,27,16,0.4790352774,0.166774494,1.375958586,0.1561020701,64,21,True,0.01798301141,True,0.0122228671
GBM,IDH1-PTEN,Figure 8 displayed context; prespecified reference context,2381,1,1,2380,2508,1832,exclude every selected specimen with at least one mutation outside documented assay scope,0.182271249,0.08289708405,0.4007717352,2.660367992e-06,27,18,0.1230964209,0.02987746661,0.5071624389,0.0006447264859,9,7,0.237804408,0.09210601361,0.6139765936,0.001252196916,18,11,0.1508768602,0.06664156778,0.3415860057,2.431985204e-07,91,36,0.08814024336,0.02193941373,0.354097999,1.400305991e-05,26,16,0.2454692793,0.08819737628,0.6831854828,0.004327372441,65,20,True,-0.1793693992,True,-0.1553832372
GBM,IDH1-TP53,Figure 8 displayed context,2381,1,1,2380,2508,1832,exclude every selected specimen with at least one mutation outside documented assay scope,21.22607747,10.85844652,41.49270929,2.182503763e-36,27,18,27.27892883,11.65536621,63.84526621,3.002881409e-28,9,7,15.53074667,5.415985848,44.53558389,1.842007743e-11,18,11,15.3894477,7.832612579,30.23705031,6.515836395e-27,90,46,18.54368287,7.68832041,44.72604628,1.508989105e-19,26,21,11.97756434,4.222596424,33.97484225,2.286316388e-09,64,25,True,0.1599420491,True,0.1537422945
HCC,CTNNB1-TP53,Figure 8 displayed context,2985,0,0,2985,2508,1832,exclude every selected specimen with at least one mutation outside documented assay scope,0.4724765837,0.3930114219,0.5680092479,7.635602644e-16,17,14,0.4894489584,0.4025831846,0.5950578466,4.317926053e-13,9,6,0.3598387177,0.2063083579,0.6276231565,0.0002839303273,8,8,0.4361116625,0.360985288,0.5268729462,3.406095284e-18,68,59,0.449019187,0.3674998488,0.5486212606,2.090232632e-15,32,30,0.3462794749,0.1943304768,0.6170389573,0.0003100492388,36,29,True,0,True,0
HNSC,CDKN2A-TP53,Figure 8 displayed context,1704,0,0,1704,2508,1832,exclude every selected specimen with at least one mutation outside documented assay scope,7.455938123,4.805317147,11.56864606,5.900845926e-25,72,36,7.804200398,4.272353301,14.25573673,6.857259524e-15,17,10,7.019744576,3.706063497,13.29626812,1.226419852e-11,55,26,7.461324813,4.646479724,11.9814077,3.619751619e-22,159,67,7.666935335,4.105092884,14.31926124,8.812876422e-14,57,28,7.16124453,3.473873456,14.76260545,6.171954349e-10,102,39,True,0,True,0
LUAD,ATM-TP53,Figure 8 displayed context,10289,4,4,10285,2508,1832,exclude every selected specimen with at least one mutation outside documented assay scope,0.5841992215,0.496822505,0.6869429765,4.355871363e-11,56,36,0.5324273974,0.4073926507,0.6958371316,2.655625833e-06,20,16,0.6165499392,0.5029862292,0.7557539461,2.507716994e-06,36,20,0.3680888555,0.3080657416,0.439806792,8.811884231e-30,209,126,0.3193197844,0.2366603965,0.4308499699,7.619304659e-15,84,52,0.3979906884,0.3189025861,0.4966927047,7.173121118e-17,125,74,True,-2.428861603e-05,True,0.0009232213991
LUAD,EGFR-KEAP1,Figure 8 displayed context,10126,4,4,10122,2508,1832,exclude every selected specimen with at least one mutation outside documented assay scope,0.09773862501,0.07328970159,0.1303435355,8.69646395e-85,55,37,0.1477797544,0.0938552812,0.2326864884,3.790682255e-23,20,16,0.07873784129,0.05425057112,0.1142780163,2.112577299e-63,35,21,0.1574903007,0.1176228971,0.2108704633,3.337919347e-48,203,119,0.2149052638,0.1349926752,0.3421242845,8.750629881e-14,84,50,0.133469662,0.09166501199,0.1943396974,4.197102865e-36,119,69,True,0.001327637753,True,0.00256892824
LUAD,EGFR-KRAS,Figure 8 displayed context; prespecified reference context; prespecified principal context,10289,4,4,10285,2508,1832,exclude every selected specimen with at least one mutation outside documented assay scope,0.02773064234,0.02105581662,0.03652142961,0,56,40,0.02967870071,0.01763046202,0.04996041935,2.812771424e-90,20,16,0.0269940085,0.01951754226,0.0373344392,5.712582269e-233,36,24,0.03742338818,0.02856300178,0.0490323109,5.142893462e-267,207,150,0.04474170334,0.02697917142,0.07419872117,1.992231811e-67,84,61,0.03490586245,0.0253550253,0.04805434894,1.155546922e-201,123,89,True,-0.0001100111461,True,8.007882553e-05
LUAD,EGFR-STK11,Figure 8 displayed context,10289,4,4,10285,2508,1832,exclude every selected specimen with at least one mutation outside documented assay scope,0.06598777365,0.04797550506,0.09076269788,1.187924446e-110,56,39,0.08532561331,0.05066485989,0.1436984194,2.198904726e-35,20,16,0.05793572174,0.03876322506,0.08659103695,2.589136829e-77,36,23,0.09083598971,0.06570888345,0.1255717126,1.748003335e-78,206,126,0.1146668686,0.06711874013,0.1958989505,1.957173095e-24,84,50,0.08078797538,0.05382205198,0.1212643652,7.905980979e-56,122,76,True,-0.0005742526423,True,0.001374832629
LUAD,KEAP1-STK11,Figure 8 displayed context; prespecified reference context; prespecified principal context,10126,4,4,10122,2508,1832,exclude every selected specimen with at least one mutation outside documented assay scope,10.84440478,9.393205492,12.51980648,0,55,40,6.091016469,4.672386449,7.940370951,1.731769139e-52,20,16,13.8771035,11.6672363,16.50553711,4.255987229e-271,35,24,7.905303612,6.824816788,9.156850233,1.006518816e-234,202,127,4.223114844,3.227269532,5.526250227,1.784780325e-32,84,50,10.38364062,8.685596843,12.41365383,9.415209172e-212,118,77,True,0.002025985673,True,0.002434794608
LUAD,KRAS-TP53,Figure 8 displayed context; prespecified reference context,10289,4,4,10285,2508,1832,exclude every selected specimen with at least one mutation outside documented assay scope,0.5532842371,0.5044567813,0.6068378071,7.555973532e-37,56,41,0.7004421636,0.5922861946,0.828348236,2.809944876e-05,20,16,0.4995594098,0.4470805778,0.5581982674,2.86657574e-35,36,25,0.4035267461,0.3644487209,0.4467949138,5.822612186e-72,206,163,0.442715075,0.3659771442,0.5355433824,8.610488359e-18,84,70,0.3890932979,0.3448758029,0.4389800422,4.379396288e-56,122,93,True,-0.0004942466785,True,0.0001917505962
LUAD,STK11-TP53,Figure 8 displayed context; prespecified reference context,10289,4,4,10285,2508,1832,exclude every selected specimen with at least one mutation outside documented assay scope,0.5360077357,0.4732549383,0.607081447,2.380980519e-23,56,41,0.6715644535,0.5360613267,0.84131944,0.0005076249494,20,16,0.4866701495,0.4189146602,0.5653844492,7.932307322e-22,36,25,0.3799578332,0.3317250296,0.4352036842,1.386711285e-46,206,138,0.4433882726,0.3456013438,0.5688437381,1.176205544e-10,84,58,0.3569387523,0.3034810815,0.4198128999,6.025146617e-38,122,80,True,-0.0001605213273,True,0.000728820544
LUSC,KEAP1-NFE2L2,prespecified reference context,2131,0,0,2131,2508,1832,exclude every selected specimen with at least one mutation outside documented assay scope,0.2880806295,0.1614514991,0.5140271198,8.107312844e-06,28,17,0.3515685007,0.1680713422,0.7354044365,0.003853111207,11,6,0.2195227977,0.08579968088,0.5616601157,0.0005761831957,17,11,0.2650535463,0.1460596101,0.4809911676,3.378856075e-06,98,45,0.3236546226,0.152727046,0.6858792694,0.002273594481,38,20,0.1974538146,0.07329965412,0.5318989477,0.0003642680215,60,25,True,-4.440892099e-16,True,0
MDS,SF3B1-SRSF2,prespecified reference context,4276,0,0,4276,2508,1832,exclude every selected specimen with at least one mutation outside documented assay scope,0.1482299543,0.1036354618,0.2120135228,5.972315541e-33,24,11,,,,0.5637028617,5,1,0.1484977181,0.1038213488,0.2123992082,7.053532683e-33,19,10,0.1601655881,0.1113069481,0.230470928,6.754390953e-29,64,31,,,,,10,0,0.1601655881,0.1113069481,0.230470928,6.754390953e-29,54,31,True,4.440892099e-16,True,0
MPN,CALR-JAK2,prespecified reference context; prespecified principal context,589,0,0,589,2508,1832,exclude every selected specimen with at least one mutation outside documented assay scope,0.007134794567,0.001997848915,0.02548005164,6.004882276e-41,23,12,,,,2.352335162e-20,5,1,0.01088672113,0.00282126795,0.04200972719,4.334076397e-24,18,11,0.002859716775,0.0003639454944,0.02247034283,2.643214135e-40,58,28,,,,2.449748352e-20,13,4,0.004542422452,0.0005325499679,0.03874491217,5.008231296e-23,45,24,True,0,True,0
PAAD,CDKN2A-TP53,Figure 8 displayed context,5823,2,2,5821,2508,1832,exclude every selected specimen with at least one mutation outside documented assay scope,3.742673391,3.054448936,4.585967683,1.976813735e-41,72,33,3.837550299,2.778848294,5.299602836,3.814559127e-18,27,15,3.683592279,2.836207655,4.784153251,5.465216941e-25,45,18,3.487900748,2.829944502,4.298830462,1.337298256e-34,211,88,3.183456447,2.27572204,4.453265721,1.978054628e-12,90,46,3.685221145,2.820764575,4.814600627,8.319135768e-24,121,42,True,-0.0008256724648,True,-0.0005198847504
PAAD,KRAS-TP53,Figure 8 displayed context; prespecified reference context,5823,2,2,5821,2508,1832,exclude every selected specimen with at least one mutation outside documented assay scope,6.108663762,5.065341158,7.366882466,1.55570205e-97,72,37,6.420026448,4.864614092,8.472766556,1.058168371e-46,27,15,5.842642704,4.532719799,7.531123758,7.586431378e-53,45,22,4.854188735,3.991877728,5.902773052,2.976824917e-67,206,102,4.847971357,3.597990756,6.532208634,1.305793837e-29,88,50,4.859129781,3.750587679,6.295318026,1.749782891e-39,118,52,True,-0.003836132583,True,-0.004258774723
PRAD,APC-SPOP,Figure 8 displayed context,6585,3,0,6585,2508,1832,exclude every selected specimen with at least one mutation outside documented assay scope,3.96132158,3.06750844,5.11557473,3.882053966e-29,52,25,3.567431388,2.071053684,6.14497191,1.274852762e-06,22,16,4.072430347,3.047263502,5.442485995,5.308006154e-24,30,9,4.111069563,3.158657612,5.350656839,4.338334864e-29,158,63,3.016840918,1.728936926,5.264118656,5.160914148e-05,89,35,4.501063068,3.332676379,6.079068724,6.359751722e-26,69,28,True,2.220446049e-16,True,0
PRAD,SPOP-TP53,Figure 8 displayed context,6585,3,0,6585,2508,1832,exclude every selected specimen with at least one mutation outside documented assay scope,0.5095129939,0.4063645801,0.638843796,2.940573289e-09,52,33,0.5847188382,0.3709882693,0.9215820231,0.02024514698,22,19,0.4874909154,0.3756251546,0.6326716667,3.727032929e-08,30,14,0.4880586148,0.3882157125,0.6135795225,4.657089586e-10,156,94,0.4729041723,0.2980000724,0.7504641003,0.001293520029,88,55,0.4931256343,0.37888843,0.6418060619,9.472750708e-08,68,39,True,3.330669074e-16,True,0
SARC,NF1-TP53,sarcoma assay-metadata sensitivity context,9238,1143,1143,8095,2508,1832,exclude every selected specimen with at least one mutation outside documented assay scope,2.015757249,1.524769965,2.664846096,5.90823848e-07,255,70,2.674336596,1.365866527,5.23629219,0.002366142423,56,19,1.899056472,1.396079818,2.583244481,3.919580995e-05,199,51,1.700922996,1.267723185,2.282153606,0.0003412296789,540,98,1.752741234,0.9019775034,3.405962813,0.07416991608,130,31,1.68839522,1.21642705,2.343484894,0.001804529207,410,67,True,-0.1995099731,True,-0.2128897369
SARC,RB1-TP53,sarcoma assay-metadata sensitivity context,9238,1143,1143,8095,2508,1832,exclude every selected specimen with at least one mutation outside documented assay scope,2.812442748,2.298812733,3.440834522,1.104240168e-25,255,70,2.467530348,1.370764408,4.441832591,0.001396554153,56,18,2.861434083,2.308574648,3.546692768,1.836025754e-23,199,52,2.689006914,2.182401878,3.313211127,9.563675474e-22,540,119,2.519496841,1.303596022,4.869502689,0.003470901758,129,30,2.70905451,2.174024845,3.375755505,7.163548006e-20,411,89,True,0.04864374231,True,0.0638039185
SKCM,BRAF-NRAS,Figure 8 displayed context; prespecified reference context,3091,26,26,3065,2508,1832,exclude every selected specimen with at least one mutation outside documented assay scope,0.09240501718,0.07216661282,0.1183190795,7.96402435e-108,55,45,0.1020611625,0.07391618182,0.1409228756,7.905900263e-59,25,24,0.08103098601,0.05516886224,0.1190167864,7.221421723e-51,30,21,0.08620186316,0.06655808971,0.1116432464,3.930901103e-118,203,133,0.08657416659,0.06143205365,0.1220061169,2.544386278e-66,103,73,0.08574591072,0.05787084632,0.1270477567,1.049523882e-53,100,60,True,-4.440892099e-16,True,0
UCEC,AKT1-PTEN,Figure 8 displayed context,5031,9,9,5022,2508,1832,exclude every selected specimen with at least one mutation outside documented assay scope,0.1591917247,0.1163377117,0.217831388,3.186111689e-46,88,33,0.2830384381,0.1439539319,0.5565027396,1.776123837e-06,14,7,0.1348410749,0.09497691506,0.1914372084,1.273139907e-41,74,26,0.1071913815,0.07436604973,0.1545058842,1.737499134e-48,250,67,0.1465395189,0.06252761813,0.3434295315,3.06148124e-08,53,19,0.09928055719,0.06639867916,0.1484461613,6.617842908e-42,197,48,True,0,True,-4.440892099e-16
UCEC,CTNNB1-TP53,Figure 8 displayed context; prespecified reference context,5031,9,9,5022,2508,1832,exclude every selected specimen with at least one mutation outside documented assay scope,0.3677459653,0.295260683,0.458026086,1.961566406e-20,88,41,0.382328128,0.2500964661,0.5844736623,5.878840463e-06,14,9,0.3627583357,0.2806718083,0.4688522547,6.274807255e-16,74,32,0.410319456,0.3292936546,0.511282418,3.169438578e-17,256,88,0.3782171678,0.2497656785,0.5727297156,8.389209434e-07,54,25,0.4236541762,0.3268338848,0.5491562207,6.239850036e-12,202,63,True,-0.01026727165,True,-0.01208066617
UCEC,PIK3CA-PIK3R1,Figure 8 displayed context; prespecified reference context,5031,9,9,5022,2508,1832,exclude every selected specimen with at least one mutation outside documented assay scope,0.2022598094,0.1751533893,0.2335611697,1.331073669e-117,88,65,0.2972761177,0.2207975673,0.4002448544,2.160700743e-16,14,12,0.1804646107,0.1529853006,0.2128797707,1.498902199e-104,74,53,0.133385565,0.1126353013,0.1579585509,7.040405115e-146,251,149,0.1726204103,0.1204345508,0.2474190824,4.658911846e-24,54,37,0.1241753767,0.1024871775,0.1504532036,1.82137576e-124,197,112,True,0.004103617846,True,0.00387862962
UCEC,PTEN-TP53,Figure 8 displayed context; prespecified reference context,5031,9,9,5022,2508,1832,exclude every selected specimen with at least one mutation outside documented assay scope,0.3813155741,0.3229005638,0.4502982755,1.272457721e-31,88,59,0.2690556865,0.1915503211,0.3779213839,4.908967296e-16,14,10,0.427014949,0.3524457597,0.5173612156,8.693630324e-19,74,49,0.4110487769,0.3397108895,0.4973673266,6.235484149e-21,249,127,0.2674138903,0.1839415348,0.3887658587,7.296754714e-14,54,35,0.4820153806,0.3851675875,0.6032148983,1.117842299e-10,195,92,True,0.005445614027,True,-0.004470549385
