gene,nMutationRecords,nTierMatched,pctTierMatched,tierMatchedCiLowPct,tierMatchedCiHighPct,nCMCtier1,nCMCtier2,nCMCtier3,nCMCother,nNotrepresented
TP53,53857,42932,79.7148003,79.37307205,80.05228992,14772,11909,16251,4401,6524
KRAS,16965,16434,96.87002653,96.59720977,97.12162212,14521,1078,835,364,167
PIK3CA,16692,13366,80.07428708,79.46143288,80.67330202,10011,2268,1087,2486,840
MUC16,14308,91,0.6360078278,0.5183449266,0.7801704276,0,25,66,9798,4419
APC,17072,11527,67.51991565,66.813568,68.21838058,5490,462,5575,2470,3075
LRP1B,8911,554,6.217035125,5.734307461,6.737495475,0,0,554,5020,3337
KMT2D,14364,4181,29.10749095,28.37028496,29.85586879,1,0,4180,4347,5836
ARID1A,13745,7404,53.86686068,53.03251603,54.6990445,0,230,7174,1932,4409
CSMD3,6775,574,8.472324723,7.832540432,9.159175126,0,0,574,4345,1856
FAT3,5424,0,0,0,0.07077323186,0,0,0,3222,2202
FAT4,5582,277,4.962379076,4.423006752,5.563697363,0,0,277,3174,2131
KMT2C,10163,2114,20.8009446,20.02293717,21.60101729,0,0,2114,3500,4549
PCLO,5704,2,0.0350631136,0.009616097124,0.1277643623,0,0,2,4004,1698
PTEN,10645,6917,64.97886332,64.06740225,65.87951745,1579,1241,4097,1589,2139
ATM,7934,1832,23.0904966,22.17637701,24.03066149,684,8,1140,2892,3210
FAT1,8299,1278,15.39944572,14.6389101,16.19199847,0,0,1278,3331,3690
NF1,8353,2355,28.19346343,27.23875547,29.16821936,1135,3,1217,1352,4646
EGFR,7055,2480,35.1523742,34.04662881,36.27427991,1509,495,476,3335,1240
RB1,6497,2790,42.94289672,41.7437876,44.15034617,1036,32,1722,832,2875
BRAF,6068,4382,72.21489782,71.07405815,73.3276282,3015,310,1057,1086,600
ZFHX3,6375,1164,18.25882353,17.32968991,19.22618742,0,0,1164,2472,2739
CREBBP,6432,1552,24.12935323,23.0993468,25.19024328,248,118,1186,2277,2603
FAM135B,2837,0,0,0,0.1352225697,0,0,0,1935,902
ATRX,6486,1256,19.36478569,18.42135788,20.34448062,0,0,1256,1896,3334
NOTCH1,6380,980,15.36050157,14.49660338,16.2660882,0,0,980,2884,2516
KMT2B,5359,0,0,5.421010862e-18,0.0716310346,0,0,0,2713,2646
PTPRT,5455,221,4.051329056,3.559647832,4.607679653,0,0,221,1582,3652
RELN,2896,0,0,0,0.1324713394,0,0,0,1900,996
CDKN2A,5303,2905,54.78031303,53.43776965,56.11593577,1250,538,1117,1056,1342
TET2,6407,2046,31.93382238,30.80334412,33.08595162,0,0,2046,1922,2439
SMAD4,5026,2174,43.25507362,41.89105908,44.62939081,378,406,1390,1696,1156
SMARCA4,5310,586,11.03578154,10.22101137,11.9068874,94,0,492,2779,1945
PTPRD,5514,251,4.552049329,4.032796036,5.134583321,0,0,251,3201,2062
CTNNB1,4903,3103,63.28778299,61.92864957,64.62611098,2279,692,132,1019,781
FBXW7,5262,2850,54.16191562,52.81309491,55.50466405,0,1222,1628,1440,972
SETD2,5538,1249,22.55326833,21.47178812,23.67279924,0,5,1244,1662,2627
PREX2,4730,50,1.057082452,0.8027724117,1.390825742,0,0,50,2580,2100
SPEN,5506,745,13.53069379,12.65259222,14.45964812,0,0,745,2194,2567
KMT2A,5287,0,0,-5.421010862e-18,0.0726058199,0,0,0,2667,2620
PLEC,2528,6,0.2373417722,0.1088198542,0.5168693558,0,0,6,1543,979
PRKDC,2724,0,0,0,0.1408241233,0,0,0,1271,1453
GRIN2A,5083,316,6.216801102,5.585497425,6.91423279,0,0,316,3211,1556
BRCA2,5421,956,17.63512267,16.64360257,18.67247945,222,0,734,1930,2535
ASXL1,4805,2149,44.72424558,43.32316125,46.13375879,17,0,2132,1205,1451
BIRC6,2456,27,1.099348534,0.7566371854,1.594793173,0,0,27,1344,1085
EP300,4985,876,17.57271815,16.54129684,18.65407815,66,88,722,1974,2135
MGA,4579,0,0,0,0.08382264268,0,0,0,2254,2325
MUC4,2482,33,1.329572925,0.9482889605,1.861281158,0,2,31,1786,663
NOTCH3,4714,22,0.4666949512,0.3084079214,0.7056460531,0,0,22,2511,2181
PBRM1,4442,1233,27.75776677,26.4605327,29.09343794,0,0,1233,996,2213
SF3B1,4401,2116,48.07998182,46.60617808,49.55713446,164,1638,314,1344,941
ARID1B,4497,724,16.09962197,15.05444612,17.20266562,4,0,720,1656,2117
PIK3R1,4528,1237,27.31890459,26.04065008,28.6356108,57,329,851,1338,1953
BCOR,4410,1357,30.77097506,29.42599221,32.14942875,0,2,1355,1220,1833
RNF213,2248,0,0,0,0.1705918863,0,0,0,1287,961
ARID2,4651,1219,26.20941733,24.96554498,27.49255655,0,0,1219,1286,2146
ERBB4,4598,425,9.243149195,8.439660461,10.11468276,0,0,425,2490,1683
ROS1,5046,22,0.4359889021,0.2881043359,0.6592810268,0,0,22,2883,2141
DNMT3A,4217,1319,31.27815983,29.89642092,32.69397686,9,564,746,1542,1356
NBEA,2200,0,0,0,0.1743074033,0,0,0,1399,801
ADGRG4,2267,0,0,-1.084202172e-17,0.1691645538,0,0,0,1497,770
MED12,4052,216,5.330700888,4.680355591,6.065662547,0,0,216,2094,1742
TRRAP,1921,24,1.249349297,0.8409873719,1.85229724,0,0,24,1219,678
KDM6A,4146,1175,28.34056922,26.98935935,29.73187885,0,75,1100,880,2091
CNTNAP2,1919,118,6.149035956,5.159333385,7.31394972,0,0,118,1277,524
NCOR1,3922,628,16.01223865,14.89787569,17.19311606,0,0,628,1348,1946
DCC,1962,1,0.05096839959,0.008997740707,0.2881502716,0,0,1,1445,516
ASPM,2035,0,0,0,0.1884138075,0,0,0,1266,769
LRRK2,1982,0,0,0,0.1934423719,0,0,0,1264,718
EPHA5,4009,3,0.07483162884,0.02545269707,0.2197964343,0,0,3,2296,1710
MTOR,3895,434,11.14249037,10.19234912,12.16920284,119,37,278,1949,1512
ERBB2,3904,1488,38.1147541,36.60367371,39.64920119,564,865,59,1595,821
SLIT2,2099,0,0,0,0.1826794314,0,0,0,1339,760
ANKRD11,3779,0,0,0,0.101549559,0,0,0,1935,1844
EPHA3,3904,0,0,0,0.09830129654,0,0,0,2423,1481
ASXL3,1965,20,1.017811705,0.6598400904,1.566924214,0,0,20,1305,640
AKAP9,1946,0,0,0,0.1970139061,0,0,0,1145,801
RNF43,3905,2090,53.52112676,51.95410275,55.08122991,86,0,2004,810,1005
POLE,3941,528,13.39761482,12.36971262,14.49680331,0,299,229,1830,1583
NOTCH4,3528,0,0,0,0.108766457,0,0,0,1845,1683
COL5A1,1862,0,0,0,0.2058834529,0,0,0,1180,682
ATR,3967,404,10.18401815,9.281065693,11.16400791,0,0,404,1532,2031
CARD11,3580,61,1.703910615,1.328821047,2.182535699,0,0,61,2403,1116
PDE4DIP,1920,0,0,0,0.1996764756,0,0,0,1145,775
NRAS,3527,3106,88.06351007,86.95188389,89.09231213,3092,2,12,229,192
MGAM,2016,4,0.1984126984,0.07718503884,0.5090718067,0,0,4,1412,600
NOTCH2,3704,535,14.44384449,13.34858251,15.61278142,0,13,522,1496,1673
CDH1,3457,1127,32.60052068,31.05801371,34.18165374,294,5,828,887,1443
PTPRS,3426,0,0,0,0.1120010609,0,0,0,2142,1284
NSD1,3930,70,1.781170483,1.412260298,2.244253578,0,0,70,1962,1898
ROBO2,1722,68,3.948896632,3.126866292,4.975932381,0,0,68,330,1324
ALK,3689,94,2.548116021,2.086841922,3.108113263,57,9,28,2100,1495
CDH10,1675,168,10.02985075,8.68145772,11.56116001,0,0,168,1148,359
CIC,3646,801,21.9692814,20.65522535,23.34234214,0,36,765,1227,1618
ERBB3,3436,834,24.27240978,22.8681296,25.73415277,0,621,213,1724,878
KDR,3565,70,1.963534362,1.557117948,2.473362545,0,0,70,2141,1354
STAG2,3503,843,24.06508707,22.67838069,25.50861261,0,0,843,898,1762
RBM10,3006,318,10.57884232,9.529212188,11.72909884,0,0,318,321,2367
MAP3K1,3644,890,24.42371021,23.0561722,25.84511583,2,0,888,984,1770
EP400,1618,0,0,0,0.2368578507,0,0,0,1034,584
KEAP1,3068,297,9.680573664,8.68412138,10.77786801,0,0,297,1752,1019
CTNNA2,1456,66,4.532967033,3.57880394,5.726416021,0,0,66,888,502
CTNND2,1465,2,0.1365187713,0.037446358,0.496406957,0,0,2,1028,435
UBR5,1657,0,0,0,0.2312959374,0,0,0,985,672
GATA3,3008,67,2.227393617,1.757780156,2.818870399,0,0,67,412,2529
PIK3CG,3295,0,0,0,0.1164487251,0,0,0,2156,1139
MKI67,1759,0,0,-2.168404345e-17,0.2179128929,0,0,0,1153,606
FLT4,3190,2,0.06269592476,0.01719516803,0.2283229305,0,0,2,1914,1274
IDH1,2965,2338,78.85328836,77.34660136,80.28530738,2337,0,1,358,269
TET1,3225,339,10.51162791,9.499669724,11.61754732,0,0,339,1436,1450
COL3A1,1538,0,0,0,0.2491474593,0,0,0,1002,536
AMER1,2933,806,27.4803955,25.89504956,29.1246538,0,0,806,1013,1114
TSC2,3199,286,8.940293842,8.000172004,9.978908953,90,0,196,1252,1661
PTPRB,1543,35,2.26830849,1.635454337,3.138238429,0,0,35,270,1238
PTCH1,3210,824,25.66978193,24.18840022,27.20932677,103,0,721,1268,1118
EPHA7,3131,0,0,-1.084202172e-17,0.1225407687,0,0,0,1828,1303
INPPL1,2733,0,0,0,0.1403610285,0,0,0,1559,1174
FANCM,1435,170,11.8466899,10.27566783,13.6214375,5,0,165,573,692
EPHB1,2984,0,0,0,0.1285697007,0,0,0,1874,1110
ZNF292,1468,0,0,0,0.2609967804,0,0,0,922,546
ROBO1,1515,0,0,2.168404345e-17,0.2529203294,0,0,0,952,563
ANK1,1419,0,0,2.168404345e-17,0.2699850217,0,0,0,306,1113
PIK3C2G,3049,0,0,0,0.125832241,0,0,0,1634,1415
SETBP1,1474,193,13.0936228,11.4670353,14.91207705,61,0,132,858,423
CAMTA1,1271,60,4.720692368,3.684978466,6.029285058,0,0,60,703,508
RANBP2,1654,114,6.892382104,5.768762956,8.215774443,0,0,114,766,774
CHD4,1556,124,7.969151671,6.724739467,9.420584624,0,40,84,870,562
MAGI2,1517,0,0,0,0.2525877236,0,0,0,882,635
STK11,2770,1097,39.60288809,37.79719895,41.43737489,242,19,836,620,1053
FLT3,3133,361,11.52250239,10.45127367,12.68797224,261,2,98,1472,1300
NCOR2,1459,157,10.76079507,9.272502249,12.45517418,0,0,157,759,543
GRM3,1461,0,0,-2.168404345e-17,0.262243999,0,0,0,1040,421
KIT,3035,604,19.90115321,18.51915621,21.35924729,387,52,165,1444,987
CTCF,2929,1123,38.34073062,36.59625787,40.11574618,0,30,1093,896,910
NTRK3,2870,0,0,1.084202172e-17,0.133669824,0,0,0,1677,1193
TCF7L2,2438,145,5.947497949,5.076160164,6.957440861,0,0,145,1483,810
SZT2,1473,0,0,0,0.2601131488,0,0,0,898,575
POLQ,1346,164,12.18424963,10.54356505,14.04017081,0,0,164,676,506
FLNA,1416,0,0,2.168404345e-17,0.2705554762,0,0,0,855,561
AR,2724,346,12.70190896,11.50371766,14.00514967,112,197,37,1400,978
CPS1,1267,0,0,0,0.3022767942,0,0,0,251,1016
RUNX1,2903,1052,36.2383741,34.50902904,38.00409178,258,82,712,782,1069
FAM47C,1278,7,0.5477308294,0.2655708483,1.126290735,0,0,7,973,298
FLT1,2849,0,0,0,0.1346537786,0,0,0,1609,1240
COL1A1,1202,0,0,2.168404345e-17,0.3185708032,0,0,0,658,544
SOX9,2546,0,0,1.084202172e-17,0.1506548106,0,0,0,1519,1027
TNC,1272,18,1.41509434,0.8969672485,2.225792131,0,0,18,805,449
JAK1,3143,1335,42.47534203,40.75744839,44.21160689,0,0,1335,879,929
BCORL1,1536,281,18.29427083,16.44069655,20.30603835,0,0,281,625,630
TBX3,2666,337,12.64066017,11.43276245,13.95606566,0,0,337,1048,1281
MYH9,1283,78,6.079501169,4.89847639,7.522747509,0,0,78,710,495
BAP1,2664,573,21.50900901,19.99034288,23.10972422,122,0,451,847,1244
TAF1,1445,0,0,0,0.2651400398,0,0,0,292,1153
DPYD,1257,0,0,0,0.3046742153,0,0,0,820,437
VHL,2405,1171,48.69022869,46.69629615,50.6883387,179,49,943,319,915
MYH11,1261,0,0,2.168404345e-17,0.3037106978,0,0,0,328,933
USP9X,1311,0,0,0,0.2921613701,0,0,0,781,530
PDGFRA,2802,103,3.675945753,3.040229919,4.438505494,47,6,50,1547,1152
BRCA1,2757,266,9.648168299,8.601551921,10.80707646,84,0,182,819,1672
ACVR2A,1160,673,58.01724138,55.15524995,60.82630824,0,0,673,238,249
DICER1,2818,223,7.913413769,6.973055116,8.968359927,57,0,166,1190,1405
ZNF521,1226,1,0.08156606852,0.01439986528,0.4605767082,0,0,1,863,362
TP53BP1,2248,0,0,0,0.1705918863,0,0,0,968,1280
REV3L,1356,0,0,0,0.2824931389,0,0,0,798,558
SAMD9L,1301,16,1.229823213,0.7584045461,1.988401097,0,0,16,912,373
SMG1,1415,0,0,0,0.2707461638,0,0,0,757,658
RET,2518,101,4.011119936,3.312146083,4.85020124,70,0,31,1398,1019
SLX4,2153,0,0,0,0.1781057576,0,0,0,1037,1116
PTPRC,1192,66,5.536912752,4.375685592,6.983801723,0,0,66,692,434
KDM5C,2636,278,10.54628225,9.430611531,11.77677791,0,0,278,899,1459
TNRC18,1210,0,0,2.168404345e-17,0.3164712156,0,0,0,691,519
HGF,2551,2,0.07840062721,0.02150291339,0.2854225435,0,0,2,1539,1010
CDK12,2629,508,19.32293648,17.8588722,20.87651976,0,0,508,936,1185
TPR,1186,0,0,2.168404345e-17,0.3228546788,0,0,0,696,490
CUX1,1299,60,4.618937644,3.60518062,5.900308937,0,0,60,169,1070
SLIT3,1182,0,0,0,0.3239437104,0,0,0,785,397
MET,2583,11,0.4258614015,0.2379629459,0.7609950201,0,0,11,706,1866
ARHGAP35,1431,320,22.36198463,20.27876049,24.59319765,0,0,320,547,564
CHD2,1261,165,13.08485329,11.33509143,15.05884565,0,0,165,503,593
CACNA1D,1239,18,1.452784504,0.920907272,2.284767799,0,0,18,373,848
GLI1,2321,0,0,0,0.1652353027,0,0,0,1340,981
MSH6,2661,893,33.55881248,31.78954585,35.37548016,184,5,704,788,980
ABCB1,1172,0,0,-2.168404345e-17,0.3266987052,0,0,0,814,358
DOT1L,2398,6,0.2502085071,0.1147216956,0.5448330291,0,0,6,1163,1229
RUNX1T1,1306,20,1.531393568,0.9935039647,2.353577358,0,0,20,237,1049
NRG1,1064,0,0,0,0.3597405578,0,0,0,229,835
KIAA1549,1166,0,0,-2.168404345e-17,0.3283743102,0,0,0,782,384
TSC1,2390,525,21.9665272,20.35237997,23.67064649,208,3,314,770,1095
KAT6A,1267,5,0.3946329913,0.1686778513,0.9204791576,0,0,5,711,551
PTPN13,1184,73,6.165540541,4.932133241,7.682467614,0,0,73,391,720
MECOM,1165,3,0.2575107296,0.08761468978,0.7543693746,0,0,3,233,929
MUC6,1087,4,0.3679852806,0.1431925192,0.9423418383,0,0,4,732,351
PAK5,2326,0,0,1.084202172e-17,0.1648806963,0,0,0,1544,782
KDM5A,2465,9,0.3651115619,0.192206999,0.6924775458,0,0,9,1353,1103
MDC1,2206,2,0.09066183137,0.02486626611,0.3299763308,0,0,2,1060,1144
TGFBR2,2215,265,11.96388262,10.67776357,13.38170479,16,0,249,464,1486
SAMD9,1185,0,0,0,0.3231262497,0,0,0,807,378
PLCG2,2346,2,0.0852514919,0.02338214803,0.3103194637,0,0,2,1302,1042
ASXL2,2291,335,14.62243562,13.23482574,16.12848632,0,0,335,799,1157
TET3,1058,0,0,0,0.3617732938,0,0,0,532,526
RASA1,2246,580,25.82368655,24.0560143,27.67391779,30,0,550,657,1009
POLD1,2235,144,6.44295302,5.49795576,7.537422769,0,0,144,1045,1046
JAK2,2393,603,25.19849561,23.49970634,26.97678448,591,0,12,900,890
IRS2,2316,0,0,1.084202172e-17,0.1655914376,0,0,0,1032,1284
MSH3,1824,12,0.6578947368,0.3767440066,1.146443833,0,0,12,1167,645
BCLAF1,1148,4,0.3484320557,0.1355793118,0.892466582,0,0,4,894,250
ESR1,2118,717,33.85269122,31.86824661,35.89560317,0,67,650,807,594
DROSHA,1840,163,8.858695652,7.644613536,10.24420533,0,0,163,644,1033
FGFR3,2217,654,29.49932341,27.6377817,31.43178644,647,0,7,224,1339
WNK2,1029,76,7.385811467,5.941420522,9.147193272,0,0,76,534,419
AXIN2,1982,511,25.78203835,23.9043873,27.75338499,14,0,497,718,753
FOXA1,1957,113,5.774144098,4.824738861,6.896833925,0,0,113,947,897
IGF1R,2173,0,0,1.084202172e-17,0.1764693889,0,0,0,1116,1057
FGFR2,2239,318,14.20276909,12.81809988,15.71006274,261,4,53,386,1535
AFDN,1053,0,0,0,0.3634848717,0,0,0,549,504
COL2A1,992,0,0,0,0.3857500395,0,0,0,601,391
SMARCA2,1176,0,0,2.168404345e-17,0.3255911031,0,0,0,677,499
CAD,1003,0,0,0,0.3815356218,0,0,0,613,390
BRD4,2139,1,0.04675081814,0.008253144113,0.2643502628,0,0,1,1019,1119
ACACA,994,0,0,2.168404345e-17,0.3849768705,0,0,0,635,359
TEK,1813,0,0,0,0.2114361053,0,0,0,833,980
FANCA,2128,95,4.464285714,3.665850325,5.426826713,3,0,92,902,1131
PTPRK,980,48,4.897959184,3.713998003,6.434126771,0,0,48,388,544
NCOA2,920,0,0,0,0.4158136425,0,0,0,466,454
NSD2,1851,99,5.348460292,4.412831941,6.469039276,0,0,99,795,957
ROCK1,1012,2,0.1976284585,0.05421359227,0.7177039892,0,0,2,542,468
CDH4,901,1,0.1109877913,0.01959475786,0.6259833999,0,0,1,675,225
PPP2R1A,1958,869,44.38202247,42.19449136,46.59155458,0,521,348,648,441
TP63,1961,220,11.21876594,9.897068513,12.69210563,0,0,220,1129,612
RICTOR,2171,6,0.2763703363,0.1267226616,0.6016733673,0,0,6,1019,1146
SETD1A,990,0,0,0,0.3865263203,0,0,0,578,412
AFF3,940,5,0.5319148936,0.2274098781,1.239092646,0,0,5,199,736
PGR,1797,0,0,0,0.2133146592,0,0,0,893,904
PIK3C2B,1035,0,0,0,0.369782972,0,0,0,585,450
CDH11,924,52,5.627705628,4.317223095,7.305609426,0,0,52,595,277
SETD1B,981,159,16.20795107,14.03438584,18.64513389,0,0,159,176,646
GNAS,1980,6,0.303030303,0.1389532357,0.6595712004,6,0,0,271,1703
AXIN1,1975,424,21.46835443,19.71378702,23.3336969,0,0,424,781,770
ARID5B,1947,13,0.667693888,0.3906214744,1.139049668,0,0,13,1094,840
IRS1,1841,0,0,2.168404345e-17,0.2082270432,0,0,0,946,895
CASR,931,0,0,0,0.4109208876,0,0,0,444,487
TERT,2017,78,3.8671294,3.109618275,4.800030358,5,0,73,962,977
CASP8,1952,609,31.19877049,29.18208619,33.2893096,54,20,535,769,574
MYO18A,902,0,0,0,0.4240762866,0,0,0,525,377
NIN,929,0,0,0,0.4118018967,0,0,0,584,345
RPTOR,1958,0,0,2.168404345e-17,0.1958088307,0,0,0,1033,925
PDGFRB,1951,34,1.742696053,1.2497493,2.425303656,0,0,34,1032,885
KAT6B,904,61,6.747787611,5.288825225,8.57278658,0,0,61,491,352
NFE2L2,1931,957,49.55981357,47.33287518,51.78849986,57,517,383,504,470
DNMT1,1910,0,0,0,0.2007198038,0,0,0,148,1762
JAK3,2004,65,3.243512974,2.552947968,4.112989635,0,28,37,1027,912
EZH2,2056,527,25.63229572,23.79173302,27.56374652,0,266,261,771,758
LATS2,1754,106,6.043329532,5.021319218,7.257459265,0,0,106,836,812
LATS1,1828,306,16.73960613,15.09832669,18.52038283,0,0,306,714,808
DDX3X,845,109,12.89940828,10.80615058,15.32846578,0,0,109,420,316
PRKD1,1578,0,0,0,0.2428472714,0,0,0,750,828
KNL1,946,81,8.562367865,6.942646207,10.51726326,0,0,81,462,403
NTRK1,1867,55,2.945902517,2.270246239,3.814794173,0,0,55,1084,728
MST1R,1705,0,0,0,0.2247990181,0,0,0,805,900
IRS4,886,91,10.27088036,8.440401481,12.44438164,0,0,91,512,283
BLM,1934,363,18.76938987,17.0917007,20.57089834,36,0,327,679,892
SRSF2,1651,1041,63.05269534,60.69671548,65.34807556,0,193,848,353,257
PRDM16,838,3,0.3579952267,0.121823772,1.047215685,0,0,3,557,278
NUMA1,882,0,0,0,0.433650828,0,0,0,541,341
IKZF1,1860,36,1.935483871,1.401297925,2.667795959,0,0,36,486,1338
PRDM2,903,91,10.07751938,8.280083527,12.21318539,0,0,91,476,336
LRP5,859,0,0,0,0.4452102737,0,0,0,552,307
NUP214,849,0,0,0,0.4504305907,0,0,0,512,337
RAD50,1979,294,14.85598787,13.35717042,16.49097786,67,0,227,727,958
AXL,1822,0,0,2.168404345e-17,0.2103938873,0,0,0,1109,713
CBL,1940,409,21.08247423,19.32543999,22.95380326,97,5,307,740,791
KSR2,884,0,0,0,0.4326739625,0,0,0,628,256
BCL9L,858,173,20.16317016,17.61421478,22.97810707,0,0,173,443,242
ADGRA2,949,0,0,0,0.4031582364,0,0,0,423,526
ELF3,1439,309,21.47324531,19.42900324,23.66938814,0,0,309,332,798
LIFR,930,0,0,4.33680869e-17,0.4113609205,0,0,0,590,340
BRIP1,1868,159,8.511777302,7.329884537,9.863957244,31,0,128,717,992
CDH2,854,0,0,0,0.4478052187,0,0,0,596,258
NCOA3,1659,0,0,0,0.2310177438,0,0,0,801,858
KEL,909,0,0,0,0.4208243155,0,0,0,544,365
SPOP,1658,715,43.12424608,40.75898679,45.52129291,0,394,321,605,338
BCL9,803,0,0,4.33680869e-17,0.4761107376,0,0,0,543,260
AKT1,1692,962,56.85579196,54.48296943,59.1975547,937,0,25,441,289
RECQL4,1658,81,4.885404101,3.948056668,6.031322409,4,10,67,726,851
SOS1,1457,116,7.961564859,6.679584501,9.464635489,0,63,53,635,706
ZEB1,783,0,0,4.33680869e-17,0.4882125589,0,0,0,185,598
CCNB3,847,0,0,0,0.4514893792,0,0,0,550,297
INSR,1682,3,0.1783590963,0.06067631871,0.5230949944,0,0,3,901,778
PRPF8,877,0,0,0,0.4361123994,0,0,0,555,322
USP6,865,32,3.699421965,2.632502913,5.175763847,0,0,32,537,296
CNTRL,855,0,0,0,0.4472838125,0,0,0,482,373
ATP2B3,780,24,3.076923077,2.076264141,4.537504274,0,0,24,480,276
MSH2,1882,459,24.38894793,22.50227772,26.37995755,284,4,171,465,958
MYO5A,823,0,0,4.33680869e-17,0.4645943645,0,0,0,491,332
H3C7,1522,0,0,2.168404345e-17,0.2517600239,0,0,0,0,1522
INPP4B,1792,0,0,2.168404345e-17,0.213908572,0,0,0,849,943
ZNF479,851,7,0.8225616921,0.3990096124,1.688097726,0,0,7,661,183
NF2,1734,532,30.6805075,28.55457914,32.89184645,192,0,340,400,802
ABL1,1806,0,0,-2.168404345e-17,0.2122538857,0,0,0,35,1771
DDR2,1748,11,0.6292906178,0.3517487535,1.123353842,0,0,11,974,763
POLR2A,804,0,0,0,0.475521376,0,0,0,522,282
LZTR1,1019,78,7.654563297,6.176515294,9.450682591,2,0,76,472,469
RGS7,791,0,0,0,0.4832987482,0,0,0,547,244
ARHGAP5,805,37,4.596273292,3.35277049,6.271051085,0,36,1,492,276
ALB,957,0,0,0,0.3998015266,0,0,0,498,459
TYK2,789,0,0,0,0.4845179043,0,0,0,421,368
PALB2,1687,202,11.9739182,10.51043705,13.61018388,39,0,163,596,889
PDS5B,799,16,2.002503129,1.23631163,3.228014225,0,0,16,472,311
PTPRO,787,0,0,0,0.4857432268,0,0,0,511,276
PIK3CD,1519,0,0,0,0.2522559915,0,0,0,768,751
SALL4,751,5,0.6657789614,0.2847064292,1.548984429,0,0,5,551,195
NSD3,1461,1,0.06844626968,0.01208346925,0.3866940766,0,0,1,630,830
HNF1A,1648,453,27.48786408,25.38660218,29.69383268,0,0,453,651,544
SNCAIP,884,0,0,0,0.4326739625,0,0,0,595,289
SOX17,1451,73,5.031013094,4.020288747,6.279215567,0,0,73,768,610
ANKRD26,804,0,0,0,0.475521376,0,0,0,486,318
PTPN14,764,0,0,0,0.5002932281,0,0,0,511,253
TRIP11,839,0,0,0,0.4557747819,0,0,0,522,317
SETDB1,1016,0,0,0,0.376672157,0,0,0,527,489
WT1,1721,356,20.68564788,18.8382779,22.66359204,75,0,281,598,767
ZMYM3,786,91,11.57760814,9.525312254,14.00364495,0,0,91,378,317
CIITA,796,60,7.537688442,5.900730328,9.582520441,0,0,60,419,317
PIK3CB,1646,177,10.75334143,9.347092171,12.34235301,0,0,177,773,696
ABCC3,763,0,0,0,0.5009456357,0,0,0,462,301
SMO,1628,73,4.484029484,3.581366265,5.600987695,27,0,46,936,619
CSF1R,1684,0,0,0,0.2275959511,0,0,0,920,764
MAP2K4,1599,373,23.32707942,21.31961983,25.46239062,0,0,373,532,694
IL7R,1654,12,0.7255139057,0.4155101224,1.263869934,0,3,9,1073,569
NUP98,766,0,0,0,0.4989934975,0,0,0,439,327
FANCD2,915,75,8.196721311,6.589214311,10.15376755,0,0,75,384,456
ERCC5,1560,156,10,8.608144011,11.58836997,0,0,156,667,737
ERCC2,1435,119,8.292682927,6.974767923,9.833300634,0,0,119,799,517
FGFR4,1595,80,5.015673981,4.048427859,6.199083419,4,21,55,819,696
BCR,891,0,0,4.33680869e-17,0.4292893208,0,0,0,408,483
ERCC6,753,0,0,4.33680869e-17,0.5075645336,0,0,0,446,307
U2AF1,1548,1004,64.85788114,62.44550982,67.19669347,0,1002,2,366,178
DNMT3B,1498,0,0,0,0.2557832452,0,0,0,882,616
IDH2,1566,947,60.47254151,58.02826425,62.86556539,881,57,9,342,277
PRDM1,1568,90,5.739795918,4.692998435,7.002930425,0,0,90,778,700
MAP3K21,743,0,0,0,0.514360682,0,0,0,0,743
JARID2,814,0,0,4.33680869e-17,0.4697070293,0,0,0,534,280
N4BP2,734,65,8.855585831,7.008700354,11.13089552,0,0,65,372,297
MAP3K13,1553,147,9.465550547,8.107993971,11.02314216,0,0,147,709,697
DCAF12L2,684,0,0,0,0.5584802677,0,0,0,543,141
WDR90,743,4,0.5383580081,0.2095501609,1.375988333,0,0,4,437,302
PTPN11,1608,573,35.63432836,33.33029421,38.00683715,140,118,315,657,378
FOXP1,1548,2,0.1291989664,0.0354381698,0.4698620834,0,0,2,13,1533
PDCD11,732,0,0,0,0.5220497941,0,0,0,424,308
MEN1,1520,280,18.42105263,16.55266701,20.44865328,21,0,259,300,940
MERTK,713,0,0,0,0.5358868092,0,0,0,389,324
SP140,755,0,0,0,0.5062267982,0,0,0,463,292
NTRK2,1526,0,0,0,0.2511017595,0,0,0,788,738
ITK,700,1,0.1428571429,0.02522224622,0.80471733,0,0,1,415,284
SRGAP3,702,0,0,-4.33680869e-17,0.5442381958,0,0,0,476,226
MACC1,689,8,1.161103048,0.5894982433,2.274282289,0,0,8,373,308
LRP6,729,0,0,0,0.5241868858,0,0,0,449,280
BCL11A,673,0,0,0,0.5675566664,0,0,0,449,224
STAG1,772,65,8.419689119,6.660813664,10.59032151,0,0,65,397,310
GABRA6,758,0,0,0,0.5042333646,0,0,0,494,264
MN1,683,0,0,4.33680869e-17,0.5592933815,0,0,0,426,257
B2M,1664,1025,61.59855769,59.23753512,63.90615146,0,203,822,252,387
NUTM1,698,3,0.4297994269,0.1462759664,1.255957928,0,0,3,463,232
CLTCL1,706,29,4.107648725,2.875021498,5.836988494,0,0,29,402,275
CLTC,732,52,7.103825137,5.458205661,9.197323398,0,0,52,360,320
KLHL6,789,0,0,0,0.4845179043,0,0,0,525,264
FBLN2,683,34,4.978038067,3.583941435,6.875744407,0,0,34,249,400
FOLH1,670,0,0,0,0.5700834774,0,0,0,450,220
BCL11B,698,19,2.722063037,1.749452541,4.212215624,0,0,19,418,261
ARHGEF12,723,58,8.022130014,6.256803373,10.23117449,0,0,58,380,285
POT1,841,58,6.896551724,5.372663164,8.812419441,4,0,54,440,343
ABL2,755,0,0,0,0.5062267982,0,0,0,440,315
ARHGEF28,723,0,0,0,0.5285139935,0,0,0,425,298
NFATC2,664,0,0,0,0.5752052033,0,0,0,464,200
INPP5D,669,0,0,4.33680869e-17,0.570930755,0,0,0,199,470
XPO1,1532,313,20.4308094,18.48694972,22.52258646,0,213,100,510,709
NPM1,1430,0,0,0,0.2679137778,0,0,0,1194,236
RGPD3,795,13,1.635220126,0.9580841701,2.777507979,0,0,13,527,255
UPF1,1201,0,0,0,0.3188352121,0,0,0,497,704
MLH1,1495,353,23.61204013,21.52855336,25.83078906,105,0,248,409,733
GPC5,670,37,5.52238806,4.03277301,7.519122144,0,0,37,465,168
INHBA,1363,0,0,0,0.2810464078,0,0,0,784,579
ZBTB20,645,0,0,0,0.5920489156,0,0,0,491,154
TGFBR1,1339,27,2.016430172,1.389465178,2.917927809,0,0,27,741,571
H1-4,803,0,0,4.33680869e-17,0.4761107376,0,0,0,0,803
HDAC4,682,0,0,4.33680869e-17,0.5601088665,0,0,0,433,249
SETD5,705,0,0,4.33680869e-17,0.5419348393,0,0,0,434,271
TSHR,1466,2,0.136425648,0.03742080934,0.496069301,0,0,2,787,677
WRN,654,58,8.868501529,6.923015878,11.29436115,10,0,48,339,257
AGO2,1184,0,0,2.168404345e-17,0.3233982778,0,0,0,518,666
PASK,653,0,0,0,0.5848380563,0,0,0,399,254
CUL3,1428,189,13.23529412,11.57591026,15.09194857,0,0,189,503,736
TOP2A,764,18,2.356020942,1.495405488,3.693355598,0,0,18,358,388
NBN,1346,313,23.25408618,21.07527921,25.58512337,21,0,292,385,648
SEC31A,652,0,0,0,0.5857297932,0,0,0,450,202
ZMYM2,678,0,0,0,0.5633947263,0,0,0,415,263
CSF3R,1323,37,2.796674225,2.035716248,3.830957446,36,0,1,573,713
KDM2B,663,0,0,0,0.5760677849,0,0,0,442,221
PARP1,1314,0,0,2.168404345e-17,0.2914962794,0,0,0,628,686
INPP4A,1322,0,0,-2.168404345e-17,0.2897374188,0,0,0,625,697
PRKCB,659,0,0,0,0.5795441383,0,0,0,439,220
DIS3,1323,0,0,0,0.2895190526,0,0,0,755,568
FGFR1,1400,132,9.428571429,8.006916149,11.07226527,117,12,3,627,641
IQGAP1,651,0,0,4.33680869e-17,0.5866242537,0,0,0,404,247
EBF1,623,20,3.210272873,2.087613649,4.906413023,0,0,20,377,226
FUBP1,1331,59,4.432757325,3.451990988,5.675794039,0,0,59,627,645
CTR9,775,0,0,0,0.4932273157,0,0,0,425,350
MBD6,627,0,0,0,0.6089420356,0,0,0,433,194
PIK3R2,1348,151,11.20178042,9.627175789,12.99688688,0,100,51,543,654
NCOA1,640,0,0,0,0.5966467005,0,0,0,388,252
ADARB2,593,0,0,4.33680869e-17,0.6436313637,0,0,0,375,218
PCM1,692,0,0,0,0.5520594917,0,0,0,376,316
PLCG1,650,23,3.538461538,2.369256341,5.253609745,0,0,23,363,264
ZNRF3,782,138,17.64705882,15.13516012,20.47526177,0,0,138,271,373
ZFP36L2,594,0,0,-4.33680869e-17,0.6425547717,0,0,0,427,167
CBLB,640,28,4.375,3.044026006,6.250414109,0,0,28,369,243
FOXO1,1285,212,16.49805447,14.56910673,18.62671079,0,0,212,483,590
CNBD1,609,18,2.955665025,1.87763853,4.623465181,0,0,18,384,207
SLFN11,768,0,0,0,0.4977005027,0,0,0,475,293
RPS6KA4,1242,0,0,0,0.3083425097,0,0,0,648,594
CD22,617,0,0,0,0.6187503695,0,0,0,406,211
PC,624,0,0,4.33680869e-17,0.6118517289,0,0,0,386,238
BTK,1344,86,6.398809524,5.210651415,7.835501578,6,0,80,558,700
ARHGEF10,613,5,0.8156606852,0.3488902503,1.895034606,0,0,5,135,473
MLH3,629,0,0,0,0.6070175661,0,0,0,381,248
MIDEAS,605,0,0,4.33680869e-17,0.6309456699,0,0,0,0,605
TNFAIP3,1350,219,16.22222222,14.35198848,18.28414154,0,0,219,534,597
CYLD,1214,23,1.894563427,1.265721134,2.826885376,0,0,23,126,1065
TLL2,596,0,0,0,0.6404123563,0,0,0,385,211
ZNF217,700,0,0,4.33680869e-17,0.5457846753,0,0,0,416,284
BCL6,1315,71,5.399239544,4.302517002,6.755784043,0,0,71,698,546
TONSL,589,2,0.3395585739,0.09316865142,1.229522045,0,0,2,326,261
DAXX,1305,149,11.41762452,9.804222773,13.25750535,0,0,149,493,663
EMSY,678,0,0,0,0.5633947263,0,0,0,345,333
BARD1,1283,142,11.06780982,9.465955719,12.90210344,21,1,120,453,688
SPECC1,594,0,0,-4.33680869e-17,0.6425547717,0,0,0,382,212
SMC1A,651,24,3.686635945,2.489732504,5.426910237,0,0,24,409,218
STAT3,1273,112,8.79811469,7.363403504,10.48074287,0,0,112,566,595
CDH17,586,13,2.218430034,1.300966534,3.758267328,0,0,13,389,184
MAP4K4,598,0,0,4.33680869e-17,0.6382841801,0,0,0,337,261
PRDM14,1040,0,0,2.168404345e-17,0.3680117118,0,0,0,456,584
CSDE1,1113,0,0,0,0.3439573979,0,0,0,443,670
AFF1,590,0,0,0,0.646882895,0,0,0,111,479
ARID4A,636,0,0,0,0.6003766664,0,0,0,376,260
IRF4,1384,82,5.924855491,4.798781827,7.294923671,0,0,82,625,677
STAT4,657,0,0,4.33680869e-17,0.5812980965,0,0,0,366,291
CTNND1,603,0,0,0,0.6330251114,0,0,0,387,216
PHLPP1,580,0,0,0,0.6579626648,0,0,0,334,246
SMARCA1,622,0,0,4.33680869e-17,0.613807022,0,0,0,358,264
SMC3,647,0,0,0,0.5902295818,0,0,0,376,271
CHEK2,1304,36,2.760736196,2.00073321,3.798246346,18,0,18,94,1174
HLA-B,1117,0,0,2.168404345e-17,0.3427299009,0,0,0,605,512
STIL,598,14,2.341137124,1.399597792,3.891074419,0,0,14,277,307
ARID4B,613,0,0,0,0.6227627482,0,0,0,356,257
ITPKB,585,0,0,0,0.6523757394,0,0,0,368,217
ETV6,1308,128,9.785932722,8.291534353,11.5158484,1,0,127,622,558
TBL1XR1,625,85,13.6,11.13395634,16.51076339,0,0,85,287,253
VAV1,614,0,0,0,0.6217547829,0,0,0,403,211
MYC,1672,203,12.14114833,10.66182127,13.7940398,12,31,160,1017,452
BMP5,571,0,0,0,0.6682640512,0,0,0,444,127
CLIP1,614,4,0.651465798,0.2536254221,1.662959917,0,0,4,350,260
SMAD3,1215,125,10.28806584,8.703082983,12.12337127,0,0,125,683,407
TLE4,561,0,0,0,0.6800950533,0,0,0,359,202
BAZ1A,597,78,13.06532663,10.59635145,16.00658289,0,0,78,294,225
PPM1D,1140,29,2.543859649,1.776956156,3.629515024,0,0,29,714,397
REST,704,0,0,0,0.5427004554,0,0,0,359,345
ACVR1B,682,68,9.970674487,7.941417459,12.44834712,0,0,68,189,425
SMAD2,1294,281,21.71561051,19.55460406,24.04405392,0,73,208,530,483
ERCC4,1150,81,7.043478261,5.703166716,8.6698182,0,0,81,502,567
ZNF750,542,0,0,4.33680869e-17,0.7037682387,0,0,0,303,239
ERG,1236,0,0,0,0.3098346803,0,0,0,33,1203
DDR1,551,0,0,4.33680869e-17,0.6923525197,0,0,0,248,303
LARP4B,549,186,33.87978142,30.04485696,37.93873089,0,0,186,205,158
ARHGEF10L,570,29,5.087719298,3.565471285,7.211278612,0,0,29,308,233
STAT6,597,107,17.92294807,15.0543941,21.20166906,0,0,107,317,173
PER1,586,38,6.484641638,4.760631486,8.775456496,0,0,38,316,232
NUP93,1154,60,5.199306759,4.060537835,6.635353029,0,0,60,552,542
A1CF,603,10,1.658374793,0.9032445948,3.025534244,0,0,10,189,404
PRKN,1187,13,1.095197978,0.6411468392,1.864766824,0,0,13,661,513
DTX1,640,0,0,0,0.5966467005,0,0,0,394,246
ERF,1006,0,0,2.168404345e-17,0.3804021698,0,0,0,488,518
PIK3C3,1168,0,0,0,0.3278138687,0,0,0,593,575
GNA13,728,118,16.20879121,13.71025974,19.06206491,0,0,118,260,350
MAP2K1,1159,497,42.88179465,40.0606755,45.74994393,273,52,172,375,287
PUM1,562,0,0,0,0.6788931353,0,0,0,276,286
THRAP3,541,0,0,0,0.7050599323,0,0,0,374,167
ETV1,1156,6,0.5190311419,0.2380872367,1.127742438,0,0,6,450,700
PAX5,1203,236,19.61762261,17.47184019,21.95682339,0,0,236,566,401
BRSK1,544,0,0,0,0.7011989981,0,0,0,371,173
SND1,547,0,0,4.33680869e-17,0.6973801189,0,0,0,319,228
ARAF,1238,46,3.715670436,2.797156707,4.920532064,0,31,15,709,483
KTN1,563,0,0,0,0.677695458,0,0,0,302,261
TCF3,1075,43,4,2.983053349,5.344533442,0,0,43,283,749
PMS1,1111,0,0,0,0.3445744496,0,0,0,568,543
MRE11,1203,26,2.161263508,1.479113123,3.147961827,0,0,26,556,621
DCTN1,549,0,0,0,0.6948572252,0,0,0,314,235
EPAS1,945,88,9.312169312,7.620513246,11.3332811,0,0,88,390,467
LRIG3,531,32,6.026365348,4.300806013,8.383599375,0,0,32,285,214
ATXN2,577,0,0,0,0.6613609897,0,0,0,333,244
BACH2,546,0,0,0,0.6986484484,0,0,0,377,169
MPEG1,595,0,0,0,0.6414817752,0,0,0,403,192
PAK3,587,0,0,0,0.6501674457,0,0,0,163,424
IRF8,561,0,0,0,0.6800950533,0,0,0,364,197
HLA-A,1133,16,1.412180053,0.8710945104,2.281628197,0,0,16,607,510
FANCI,553,38,6.871609403,5.047048018,9.291226827,0,1,37,273,242
PLK2,1060,0,0,0,0.3610931675,0,0,0,539,521
SLC34A2,512,22,4.296875,2.854469883,6.419980242,0,0,22,320,170
SH2B3,1066,132,12.38273921,10.53944699,14.49617456,0,0,132,438,496
RAD21,1083,116,10.710988,9.00605467,12.69365663,0,2,114,394,573
CDC73,1152,104,9.027777778,7.506219001,10.82168031,30,0,74,526,522
LGR5,517,0,0,4.33680869e-17,0.7375485871,0,0,0,292,225
PMS2,1139,143,12.5548727,10.75561139,14.6058643,51,0,92,472,524
ADAR,524,0,0,0,0.7277675439,0,0,0,332,192
CTNNA1,643,79,12.28615863,9.970408388,15.04985842,0,0,79,286,278
AFF4,503,14,2.783300199,1.665064122,4.617267022,0,0,14,300,189
FLCN,1105,314,28.41628959,25.83538014,31.14674781,11,0,303,348,443
RXRA,890,218,24.49438202,21.78257098,27.42542385,0,115,103,277,395
GATA2,1156,84,7.266435986,5.907360054,8.908583756,0,0,84,595,477
USP8,651,48,7.373271889,5.606166666,9.640494564,0,0,48,311,292
EPHB4,508,0,0,0,0.7505173242,0,0,0,304,204
ITGAV,520,0,0,4.33680869e-17,0.7333247027,0,0,0,325,195
COP1,1029,0,0,2.168404345e-17,0.3719311215,0,0,0,437,592
L1TD1,581,0,0,0,0.6568376374,0,0,0,386,195
MPL,1150,55,4.782608696,3.69267655,6.173623361,39,0,16,567,528
TRIM33,513,50,9.746588694,7.471349553,12.6202002,0,0,50,228,235
CCAR1,522,2,0.3831417625,0.1051342495,1.386086857,0,0,2,326,194
FCRL4,486,0,0,0,0.7842249266,0,0,0,339,147
MLLT10,498,5,1.004016064,0.4295967404,2.328537044,0,0,5,267,226
MAP3K6,501,0,0,4.33680869e-17,0.7609238016,0,0,0,298,203
SGK1,738,19,2.574525745,1.654282773,3.98593298,0,0,19,174,545
RHOA,1039,302,29.06641001,26.38656135,31.90048254,0,70,232,537,200
IKBKE,1101,0,0,0,0.3476932179,0,0,0,561,540
PTK7,511,0,0,0,0.7461440323,0,0,0,83,428
SYK,1122,0,0,0,0.3412077953,0,0,0,633,489
PHLPP2,525,0,0,0,0.7263913894,0,0,0,319,206
MYCN,1101,146,13.26067212,11.38452587,15.39229866,0,125,21,570,385
TRAF7,997,34,3.410230692,2.45051669,4.727589111,0,0,34,448,515
ERC1,499,0,0,0,0.7639502975,0,0,0,298,201
OGT,519,0,0,0,0.7347272784,0,0,0,327,192
CTC1,504,7,1.388888889,0.6743711925,2.83882343,0,0,7,322,175
IKZF3,492,89,18.08943089,14.93952329,21.73378339,0,0,89,247,156
ZBTB16,470,25,5.319148936,3.628552152,7.734205965,0,0,25,286,159
STAT5B,967,238,24.61220269,22.00123068,27.42408532,0,0,238,342,387
SDHA,1060,86,8.113207547,6.616788624,9.912127161,29,0,57,438,536
DNM2,486,32,6.58436214,4.702327765,9.147349023,0,0,32,273,181
TRIM24,485,57,11.75257732,9.182519594,14.92375386,0,0,57,241,187
MAML2,483,1,0.2070393375,0.03655688078,1.16331193,0,0,1,287,195
IL21R,468,0,0,0,0.8141418582,0,0,0,312,156
TOP1,1094,0,0,2.168404345e-17,0.3499101614,0,0,0,487,607
ATXN7,586,0,0,-4.33680869e-17,0.6512697206,0,0,0,322,264
PRKCI,930,77,8.279569892,6.675423356,10.22695952,0,0,77,419,434
H1-2,998,0,0,0,0.3834397935,0,0,0,0,998
SMARCB1,1057,257,24.3140965,21.82400926,26.99020841,10,0,247,448,352
WWP1,498,0,0,-4.33680869e-17,0.7654725916,0,0,0,284,214
ZNF429,529,20,3.780718336,2.460556768,5.767305027,0,0,20,348,161
ELN,475,0,0,0,0.80224023,0,0,0,178,297
POLG,477,26,5.450733753,3.746561593,7.866717128,0,0,26,271,180
RTEL1,887,5,0.5636978579,0.2410112429,1.312739841,0,0,5,113,769
PRSS1,448,0,0,8.67361738e-17,0.8501784743,0,0,0,294,154
HIP1,471,0,0,0,0.8089981928,0,0,0,260,211
FBXO11,507,27,5.325443787,3.6854714,7.63730944,0,0,27,214,266
FLI1,455,8,1.758241758,0.8935614891,3.430690045,0,0,8,258,189
CRNKL1,463,16,3.455723542,2.138130124,5.539306861,0,0,16,296,151
TLE1,458,0,0,0,0.8317700257,0,0,0,287,171
RBM15,456,0,0,0,0.8353876639,0,0,0,265,191
IKBKB,460,8,1.739130435,0.883820539,3.39381753,0,0,8,267,185
RAF1,997,138,13.84152457,11.83634138,16.12427679,106,1,31,435,424
TOX,450,0,0,-8.67361738e-17,0.8464318863,0,0,0,276,174
ECT2L,490,0,0,0,0.7778728886,0,0,0,309,181
ACTB,457,13,2.84463895,1.669825439,4.805602987,0,0,13,286,158
AKT3,1036,4,0.3861003861,0.150246239,0.9885291696,0,0,4,529,503
DDX41,536,0,0,0,0.7115901823,0,0,0,279,257
NOD1,433,0,0,8.67361738e-17,0.8793713928,0,0,0,267,166
HIRA,438,0,0,8.67361738e-17,0.8694201832,0,0,0,284,154
ACSL6,446,0,0,0,0.853958377,0,0,0,91,355
ALOX5,468,0,0,0,0.8141418582,0,0,0,341,127
KDM4C,456,0,0,0,0.8353876639,0,0,0,275,181
RECQL,797,0,0,0,0.4796778162,0,0,0,351,446
DIS3L2,444,0,0,0,0.8577720408,0,0,0,268,176
NR4A3,441,0,0,0,0.8635568346,0,0,0,65,376
SNX29,432,0,0,0,0.8813890333,0,0,0,300,132
RAD54L,916,6,0.6550218341,0.3005379881,1.421656491,0,0,6,375,535
PRPF40B,479,0,0,0,0.7955942371,0,0,0,97,382
SERPINB3,540,15,2.777777778,1.690469505,4.532200406,0,0,15,366,159
ALOX12B,928,0,0,0,0.4122438194,0,0,0,498,430
RPL22,415,311,74.93975904,70.55449349,78.8675481,0,0,311,60,44
HSP90AA1,489,0,0,0,0.7794512316,0,0,0,77,412
MYD88,925,0,0,-4.33680869e-17,0.4135752969,0,0,0,200,725
SAMHD1,478,0,0,0,0.7972453907,0,0,0,286,192
DDX4,486,0,0,0,0.7842249266,0,0,0,286,200
EWSR1,428,0,0,0,0.889553039,0,0,0,78,350
TYRO3,422,0,0,-8.67361738e-17,0.9020866196,0,0,0,260,162
MUTYH,942,5,0.5307855626,0.2269266138,1.236474963,1,0,4,33,904
ATP1A1,424,30,7.075471698,5.000817977,9.920938085,0,0,30,208,186
MRTFA,419,57,13.60381862,10.65012523,17.21882101,0,0,57,201,161
CYP2C8,457,0,0,8.67361738e-17,0.8335749198,0,0,0,325,132
ERCC3,872,48,5.504587156,4.176750742,7.222739179,10,2,36,405,419
SF3B2,418,0,0,0,0.9106404172,0,0,0,244,174
PHF6,602,136,22.59136213,19.43069457,26.09960957,0,0,136,202,264
PDCD1,852,0,0,0,0.4488516864,0,0,0,545,307
TCF12,430,0,0,0,0.8854522182,0,0,0,174,256
ETAA1,530,0,0,0,0.719587952,0,0,0,227,303
PML,418,22,5.263157895,3.5010895,7.840009821,0,0,22,235,161
NEGR1,811,0,0,0,0.4714363486,0,0,0,404,407
PPARG,748,73,9.759358289,7.83374937,12.09617828,0,0,73,296,379
DHX15,428,0,0,0,0.889553039,0,0,0,263,165
HRAS,954,651,68.23899371,65.21668553,71.11500557,603,12,36,174,129
FYN,841,0,0,0,0.4546958226,0,0,0,246,595
CNOT3,420,33,7.857142857,5.649191904,10.82901177,0,0,33,252,135
FGF12,398,0,0,8.67361738e-17,0.9559637853,0,0,0,241,157
VAV2,440,0,0,0,0.8655024771,0,0,0,252,188
RARA,903,0,0,-4.33680869e-17,0.4236086455,0,0,0,510,393
EXT1,410,22,5.365853659,3.569915412,7.990419543,0,0,22,222,166
IL6ST,411,1,0.2433090024,0.04296293275,1.365155445,0,0,1,256,154
BUB1B,432,34,7.87037037,5.686547649,10.79684496,0,0,34,223,175
TAP2,820,0,0,0,0.4662861743,0,0,0,369,451
LYN,803,0,0,4.33680869e-17,0.4761107376,0,0,0,372,431
GPHN,414,0,0,0,0.919357986,0,0,0,133,281
ZRSR2,862,168,19.48955916,16.98296064,22.26688763,0,0,168,260,434
DDX10,424,43,10.14150943,7.61661563,13.38215786,0,0,43,214,167
ALDH1L2,419,0,0,0,0.9084867958,0,0,0,250,169
STAT1,423,0,0,0,0.8999732199,0,0,0,257,166
PIM1,1655,0,0,0,0.2315748018,0,0,0,1260,395
MITF,887,3,0.3382187148,0.1150901165,0.9896472891,0,0,3,327,557
LCK,399,0,0,0,0.9535907332,0,0,0,219,180
CDKN1A,897,334,37.23522854,34.13230614,40.44701659,0,0,334,229,334
RALGDS,401,0,0,8.67361738e-17,0.948879799,0,0,0,225,176
SUZ12,841,83,9.869203329,8.032294581,12.07105819,0,0,83,303,455
CEP89,394,0,0,0,0.9655752902,0,0,0,224,170
MAGED1,414,0,0,0,0.919357986,0,0,0,75,339
TFE3,386,0,0,0,0.9853900179,0,0,0,232,154
MIB1,401,0,0,8.67361738e-17,0.948879799,0,0,0,245,156
CCND1,856,192,22.42990654,19.76231511,25.34384427,0,0,192,416,248
NKX2-1,888,55,6.193693694,4.789210195,7.975553957,0,0,55,272,561
SERPINB4,492,0,0,0,0.7747353014,0,0,0,321,171
ESCO1,445,0,0,8.67361738e-17,0.8558609605,0,0,0,267,178
ZFP36L1,413,0,0,0,0.92156352,0,0,0,242,171
DKK2,372,0,0,0,1.022095549,0,0,0,293,79
LTK,388,0,0,0,0.9803604836,0,0,0,213,175
ERRFI1,829,0,0,4.33680869e-17,0.4612473094,0,0,0,390,439
EML4,391,0,0,8.67361738e-17,0.9729117181,0,0,0,248,143
PPFIBP1,402,0,0,0,0.9465417436,0,0,0,228,174
TUSC3,386,0,0,0,0.9853900179,0,0,0,244,142
MYB,437,0,0,0,0.8713923665,0,0,0,183,254
CBFB,829,172,20.74788902,18.12553981,23.64008739,0,0,172,215,442
MB21D2,380,50,13.15789474,10.12490185,16.92831412,0,0,50,237,93
ZNF331,389,35,8.997429306,6.540510444,12.25624768,0,0,35,253,101
PRF1,379,23,6.068601583,4.077528621,8.941296188,0,0,23,239,117
KIF5B,402,0,0,0,0.9465417436,0,0,0,248,154
EGR2,379,0,0,0,1.003407215,0,0,0,271,108
FH,823,62,7.533414338,5.920949297,9.540474106,16,0,46,315,446
NFKB2,392,37,9.43877551,6.925470861,12.73933612,0,0,37,168,187
CDKN1B,885,379,42.82485876,39.60269501,46.10904258,2,0,377,153,353
TMPRSS2,815,0,0,0,0.4691334054,0,0,0,350,465
HSP90AB1,381,0,0,8.67361738e-17,0.9981925628,0,0,0,235,146
GEN1,409,0,0,0,0.9304925023,0,0,0,244,165
TLE2,382,0,0,0,0.9956055092,0,0,0,193,189
BIRC3,779,124,15.91784339,13.51689168,18.65328224,0,0,124,247,408
P2RY8,406,2,0.4926108374,0.1351957712,1.778095003,0,0,2,234,170
EZH1,696,0,0,0,0.5489041514,0,0,0,308,388
HDAC7,397,0,0,8.67361738e-17,0.9583486778,0,0,0,80,317
SPRED1,691,9,1.302460203,0.6867150284,2.456657973,0,0,9,324,358
TAP1,735,0,0,0,0.5199300574,0,0,0,233,502
BRD2,371,0,0,0,1.02482229,0,0,0,169,202
STAT2,384,0,0,0,0.9904714242,0,0,0,203,181
IKZF2,378,0,0,0,1.006035026,0,0,0,249,129
TNFRSF14,821,189,23.02070646,20.27078349,26.02192582,0,0,189,263,369
EPS15,375,17,4.533333333,2.849378857,7.139353353,0,0,17,178,180
FANCB,397,0,0,8.67361738e-17,0.9583486778,0,0,0,238,159
MALT1,767,0,0,0,0.4983461614,0,0,0,326,441
PAX7,361,0,0,0,1.052911814,0,0,0,229,132
LPP,366,0,0,0,1.038677176,0,0,0,235,131
ETV5,406,1,0.2463054187,0.04349219407,1.381805002,0,0,1,227,178
APLNR,440,0,0,0,0.8655024771,0,0,0,301,139
PAX3,360,0,0,0,1.055805689,0,0,0,222,138
PHOX2B,720,22,3.055555556,2.026365951,4.58301767,0,0,22,397,301
LCP1,367,0,0,0,1.03587631,0,0,0,210,157
BMPR1A,752,148,19.68085106,16.99633826,22.67354956,55,0,93,213,391
BRD3,363,1,0.2754820937,0.04864591729,1.543720125,0,0,1,229,133
CBFA2T3,359,14,3.899721448,2.336962886,6.438621615,0,0,14,202,143
CDK8,806,0,0,0,0.4743470193,0,0,0,405,401
KLF5,437,38,8.695652174,6.400773491,11.71037672,0,0,38,202,197
ARNT,360,30,8.333333333,5.899455038,11.6470497,0,0,30,174,156
CEBPA,887,162,18.2638106,15.85979725,20.94152756,15,0,147,277,448
REL,782,0,0,4.33680869e-17,0.4888338198,0,0,0,388,394
GAB1,445,0,0,8.67361738e-17,0.8558609605,0,0,0,214,231
FURIN,371,0,0,0,1.02482229,0,0,0,230,141
UBA1,367,0,0,0,1.03587631,0,0,0,218,149
LZTS1,361,0,0,0,1.052911814,0,0,0,211,150
OGA,367,0,0,0,1.03587631,0,0,0,197,170
CARM1,643,0,0,0,0.5938794999,0,0,0,265,378
EGR1,379,0,0,0,1.003407215,0,0,0,241,138
CYP19A1,434,0,0,-8.67361738e-17,0.8773629686,0,0,0,261,173
MASTL,354,0,0,8.67361738e-17,1.073508596,0,0,0,238,116
MSN,357,0,0,0,1.064583552,0,0,0,238,119
MS4A1,350,2,0.5714285714,0.1568464537,2.0592474,0,0,2,178,170
POU3F4,350,0,0,8.67361738e-17,1.085644072,0,0,0,248,102
HOXA3,353,0,0,-8.67361738e-17,1.076516959,0,0,0,233,120
PBX1,344,2,0.5813953488,0.1595846391,2.094735144,0,0,2,207,135
H1-5,366,0,0,0,1.038677176,0,0,0,0,366
CRTC1,347,1,0.288184438,0.05088975622,1.614095574,0,0,1,91,255
BCL2,1371,0,0,0,0.2794110402,0,0,0,960,411
SRC,767,2,0.260756193,0.07153790294,0.9457217074,0,0,2,357,408
FZR1,339,0,0,0,1.120476746,0,0,0,221,118
GTSE1,349,0,0,0,1.088720932,0,0,0,215,134
TLE3,355,0,0,8.67361738e-17,1.070517,0,0,0,213,142
EXT2,359,8,2.228412256,1.133402918,4.334952018,0,0,8,71,280
PLAG1,370,4,1.081081081,0.4211921663,2.746316022,0,0,4,235,131
TIPARP,365,0,0,0,1.041493229,0,0,0,170,195
DGCR8,351,2,0.5698005698,0.1563991989,2.053449348,0,0,2,209,140
UBTF,367,0,0,0,1.03587631,0,0,0,210,157
MYBL1,361,0,0,0,1.052911814,0,0,0,219,142
MLLT6,347,0,0,0,1.094927274,0,0,0,234,113
KLF4,698,61,8.739255014,6.863588025,11.0665951,0,28,33,270,367
STAT5A,722,0,0,0,0.5292421333,0,0,0,361,361
FIP1L1,357,0,0,0,1.064583552,0,0,0,177,180
ACVR1,684,86,12.57309942,10.29562642,15.26861612,6,5,75,297,301
ZBTB7A,356,0,0,0,1.067542032,0,0,0,219,137
AGO1,434,0,0,-8.67361738e-17,0.8773629686,0,0,0,283,151
PABPC1,365,37,10.1369863,7.44414362,13.66017016,0,0,37,212,116
RELA,336,0,0,0,1.130367917,0,0,0,168,168
XPC,350,11,3.142857143,1.763817775,5.539300098,2,1,8,180,159
MEF2C,352,0,0,0,1.07954223,0,0,0,116,236
ETS1,341,0,0,8.67361738e-17,1.113978242,0,0,0,98,243
ELF4,341,31,9.090909091,6.478385134,12.61486979,0,0,31,161,149
EIF4A2,677,0,0,0,0.564222224,0,0,0,286,391
NCSTN,348,0,0,0,1.091815283,0,0,0,226,122
BACH1,361,0,0,0,1.052911814,0,0,0,231,130
GOLGA5,348,0,0,0,1.091815283,0,0,0,226,122
IRF2,385,0,0,0,0.987924187,0,0,0,237,148
TEC,343,0,0,8.67361738e-17,1.107554683,0,0,0,211,132
ELL2,343,0,0,8.67361738e-17,1.107554683,0,0,0,220,123
SFRP4,336,12,3.571428571,2.054606117,6.137878378,0,0,12,223,101
YY1AP1,337,0,0,0,1.127051514,0,0,0,54,283
STRN,343,0,0,8.67361738e-17,1.107554683,0,0,0,192,151
POU2F2,335,0,0,0,1.133703896,0,0,0,202,133
ACSL3,352,3,0.8522727273,0.2902646119,2.475421785,0,0,3,198,151
FOXL2,743,112,15.07402423,12.68131756,17.82602187,0,0,112,251,380
CHUK,348,0,0,0,1.091815283,0,0,0,200,148
FUS,332,22,6.626506024,4.416433553,9.828817462,0,0,22,142,168
CMTR2,424,0,0,0,0.8978696995,0,0,0,243,181
NFIB,335,0,0,0,1.133703896,0,0,0,175,160
CREB3L2,333,0,0,0,1.140435276,0,0,0,167,166
YES1,693,0,0,0,0.5512672606,0,0,0,327,366
TRAF2,691,0,0,0,0.5528540032,0,0,0,380,311
RUNX2,336,0,0,0,1.130367917,0,0,0,204,132
SUFU,730,107,14.65753425,12.27692364,17.40816109,7,1,99,277,346
NUF2,612,0,0,0,0.6237739869,0,0,0,278,334
MYOD1,685,13,1.897810219,1.112389723,3.219733211,0,0,13,347,325
ARHGAP26,364,24,6.593406593,4.470446924,9.622977723,0,0,24,205,135
ACTG1,387,0,0,8.67361738e-17,0.9828688165,0,0,0,212,175
U2AF2,374,0,0,8.67361738e-17,1.016685367,0,0,0,246,128
GMPS,336,0,0,0,1.130367917,0,0,0,209,127
EZHIP,413,0,0,0,0.92156352,0,0,0,0,413
USP44,357,34,9.523809524,6.895470721,13.01395406,0,0,34,195,128
GATA1,769,57,7.412223667,5.764872508,9.48294546,1,0,56,394,318
FAS,396,75,18.93939394,15.3856926,23.08992203,2,0,73,114,207
DLL3,319,0,0,0,1.189890182,0,0,0,177,142
PAK2,331,49,14.80362538,11.38219575,19.03263376,0,14,35,185,97
CREB3L1,323,10,3.095975232,1.690203682,5.604298951,0,0,10,152,161
FANCC,733,69,9.413369714,7.505912368,11.74401679,11,0,58,300,364
SMYD3,586,0,0,-4.33680869e-17,0.6512697206,0,0,0,244,342
SRP72,323,0,0,0,1.17532789,0,0,0,190,133
FES,334,22,6.586826347,4.389742528,9.771177504,0,0,22,189,123
CD19,329,0,0,0,1.154140723,0,0,0,174,155
DAZAP1,319,0,0,0,1.189890182,0,0,0,237,82
GATA6,355,0,0,8.67361738e-17,1.070517,0,0,0,152,203
MST1,640,1,0.15625,0.02758728856,0.879694891,0,0,1,358,281
AIM2,324,0,0,0,1.17174284,0,0,0,208,116
SESN3,604,0,0,4.33680869e-17,0.6319836801,0,0,0,244,360
QKI,366,88,24.04371585,19.94963264,28.67700305,0,0,88,128,150
AGGF1,331,0,0,0,1.147247069,0,0,0,216,115
PIK3R3,689,0,0,-4.33680869e-17,0.5544499065,0,0,0,381,308
CYP17A1,333,0,0,0,1.140435276,0,0,0,177,156
GRB7,316,0,0,0,1.201050932,0,0,0,74,242
SMARCD1,686,72,10.49562682,8.417879493,13.01334314,0,0,72,270,344
MAP3K7,323,0,0,0,1.17532789,0,0,0,205,118
HNRNPA2B1,318,0,0,0,1.193587313,0,0,0,152,166
INTS6,328,0,0,0,1.157618712,0,0,0,190,138
TNFRSF11A,326,0,0,0,1.164637955,0,0,0,183,143
FGF14,358,0,0,8.67361738e-17,1.061641425,0,0,0,57,301
FGF3,695,0,0,4.33680869e-17,0.5496896002,0,0,0,397,298
ASMTL,327,0,0,-8.67361738e-17,1.161117725,0,0,0,201,126
GAS7,316,0,0,0,1.201050932,0,0,0,204,112
SLC1A2,316,0,0,0,1.201050932,0,0,0,187,129
MAP2K2,701,39,5.563480742,4.096245138,7.515083594,0,0,39,352,310
HIF1A,346,1,0.289017341,0.05103688902,1.618707698,0,0,1,49,296
NONO,318,0,0,0,1.193587313,0,0,0,221,97
FGF23,349,0,0,0,1.088720932,0,0,0,246,103
GNAQ,703,166,23.61308677,20.62228181,26.89070072,127,19,20,308,229
ALOX15B,312,0,0,8.67361738e-17,1.216261739,0,0,0,202,110
RABEP1,344,0,0,0,1.104370604,0,0,0,59,285
GNA11,699,154,22.03147353,19.11644263,25.25223468,145,0,9,288,257
ZCCHC8,310,0,0,0,1.224012543,0,0,0,162,148
SESN2,565,0,0,0,0.6753127363,0,0,0,283,282
MTHFR,316,0,0,0,1.201050932,0,0,0,210,106
PGBD5,367,0,0,0,1.03587631,0,0,0,204,163
CALR,662,0,0,0,0.5769329575,0,0,0,329,333
TAF15,311,0,0,8.67361738e-17,1.220124832,0,0,0,188,123
GPS2,645,0,0,0,0.5920489156,0,0,0,318,327
XIAP,654,0,0,-4.33680869e-17,0.5839490305,0,0,0,297,357
PSIP1,304,0,0,8.67361738e-17,1.247869223,0,0,0,188,116
DDX5,305,0,0,0,1.243828738,0,0,0,175,130
PARP2,305,0,0,0,1.243828738,0,0,0,144,161
PCSK7,310,0,0,0,1.224012543,0,0,0,192,118
CHEK1,676,0,0,0,0.565052156,0,0,0,348,328
PAK1,624,0,0,4.33680869e-17,0.6118517289,0,0,0,290,334
WEE1,318,0,0,0,1.193587313,0,0,0,153,165
TRAF3,317,0,0,0,1.197307491,0,0,0,207,110
SOX2,685,0,0,0,0.5576695147,0,0,0,288,397
HOOK3,312,0,0,8.67361738e-17,1.216261739,0,0,0,190,122
NFKBIE,310,47,15.16129032,11.59699636,19.57844464,0,0,47,115,148
SOCS1,1141,89,7.800175285,6.381901057,9.501648357,0,0,89,644,408
AKT2,686,1,0.1457725948,0.0257370787,0.8210457213,0,0,1,364,321
MLLT1,371,0,0,0,1.02482229,0,0,0,180,191
ACSL4,327,0,0,-8.67361738e-17,1.161117725,0,0,0,185,142
DUSP22,313,0,0,0,1.212423032,0,0,0,208,105
GAB2,368,0,0,0,1.033090509,0,0,0,201,167
PCBP1,302,64,21.19205298,16.95955571,26.14822286,0,0,64,129,109
ITGB1,302,5,1.655629139,0.7092060496,3.816491308,0,0,5,181,116
WWOX,297,0,0,-8.67361738e-17,1.276904731,0,0,0,199,98
SETDB2,334,0,0,0,1.137059624,0,0,0,69,265
CXCR4,601,0,0,4.33680869e-17,0.6351183049,0,0,0,29,572
PPP6C,595,1,0.1680672269,0.02967415567,0.9457858321,0,0,1,8,586
CD58,343,0,0,8.67361738e-17,1.107554683,0,0,0,202,141
GPC3,304,15,4.934210526,3.012686785,7.980458501,6,0,9,114,175
ATIC,299,0,0,8.67361738e-17,1.268471905,0,0,0,170,129
AVIL,304,0,0,8.67361738e-17,1.247869223,0,0,0,177,127
ETNK1,319,12,3.761755486,2.164755688,6.459123947,0,0,12,186,121
IFNGR1,629,0,0,0,0.6070175661,0,0,0,307,322
ALDH1A3,290,0,0,0,1.307323628,0,0,0,183,107
ELP2,310,0,0,0,1.224012543,0,0,0,75,235
PTPN6,306,11,3.594771242,2.018912582,6.321307258,0,0,11,157,138
SETD3,314,0,0,-8.67361738e-17,1.208608479,0,0,0,180,134
APCDD1,286,0,0,0,1.325365542,0,0,0,182,104
SHQ1,597,0,0,0,0.6393464972,0,0,0,301,296
MDM2,672,0,0,0,0.5683964442,0,0,0,326,346
BTG1,456,26,5.701754386,3.920413048,8.223219882,0,0,26,252,178
CD36,296,0,0,8.67361738e-17,1.281163331,0,0,0,159,137
FNBP1,302,0,0,8.67361738e-17,1.256029459,0,0,0,191,111
GSK3B,660,0,0,-4.33680869e-17,0.5786711224,0,0,0,311,349
CD79B,677,131,19.35007386,16.55062523,22.49538987,0,0,131,236,310
CD209,298,0,0,0,1.272674349,0,0,0,230,68
NADK,349,0,0,0,1.088720932,0,0,0,83,266
CSF1,290,0,0,0,1.307323628,0,0,0,161,129
FAF1,290,0,0,0,1.307323628,0,0,0,175,115
HNF1B,288,0,0,8.67361738e-17,1.316282764,0,0,0,195,93
KAT7,303,0,0,0,1.251936044,0,0,0,185,118
MAX,575,253,44,39.99583241,48.08380513,26,0,227,134,188
RRAS2,512,252,49.21875,44.91029769,53.53883821,79,0,173,94,166
CARS,284,13,4.577464789,2.694323587,7.67300117,0,0,13,151,120
RAC1,617,201,32.57698541,28.99668875,36.37289201,0,162,39,247,169
HSD3B1,322,0,0,0,1.178934944,0,0,0,196,126
RPL5,286,35,12.23776224,8.932321466,16.54417838,0,0,35,126,125
TFRC,295,0,0,0,1.285450431,0,0,0,180,115
ACP3,284,0,0,0,1.334574539,0,0,0,0,284
FAM131B,286,0,0,0,1.325365542,0,0,0,59,227
INHA,555,0,0,0,0.6873968923,0,0,0,304,251
TENT5C,627,34,5.422647528,3.906165104,7.482030427,0,0,34,307,286
CCDC6,288,39,13.54166667,10.06666509,17.97645776,0,0,39,146,103
ATMIN,284,0,0,0,1.334574539,0,0,0,164,120
WIF1,277,14,5.054151625,3.034204811,8.303672066,0,0,14,158,105
CCT6B,300,0,0,0,1.264297122,0,0,0,189,111
CCND3,625,100,16,13.3348345,19.08056305,0,0,100,310,215
CYSLTR2,512,0,0,0,0.7446975723,0,0,0,216,296
RPS6KB2,583,0,0,-4.33680869e-17,0.6545990851,0,0,0,259,324
PARP3,276,0,0,0,1.372726842,0,0,0,53,223
BRD9,283,0,0,0,1.339227194,0,0,0,170,113
PICALM,285,0,0,0,1.329954099,0,0,0,149,136
WAS,286,28,9.79020979,6.860582746,13.78569024,0,0,28,132,126
YAP1,586,0,0,-4.33680869e-17,0.6512697206,0,0,0,295,291
MAPKAP1,510,0,0,0,0.7475961223,0,0,0,237,273
NFKBIA,605,0,0,4.33680869e-17,0.6309456699,0,0,0,263,342
LMNA,275,0,0,0,1.377649808,0,0,0,132,143
FOXF1,335,0,0,0,1.133703896,0,0,0,165,170
SHOC2,526,0,0,0,0.7250204296,0,0,0,188,338
E2F3,567,0,0,4.33680869e-17,0.6729467107,0,0,0,265,302
MLLT3,277,0,0,0,1.367838935,0,0,0,179,98
FGF6,300,0,0,0,1.264297122,0,0,0,213,87
MSI1,495,0,0,0,0.7700760939,0,0,0,209,286
ALDH2,266,0,0,0,1.423598448,0,0,0,163,103
KBTBD4,337,0,0,0,1.127051514,0,0,0,53,284
XRCC1,278,0,0,8.67361738e-17,1.362985714,0,0,0,170,108
EED,605,54,8.925619835,6.905283488,11.46427023,0,0,54,220,331
FLYWCH1,274,0,0,8.67361738e-17,1.38260821,0,0,0,55,219
KLF3,276,0,0,0,1.372726842,0,0,0,197,79
PAX8,277,0,0,0,1.367838935,0,0,0,151,126
KNSTRN,503,96,19.08548708,15.89059319,22.74899625,0,79,17,226,181
FKBP9,270,6,2.222222222,1.022350735,4.762550824,0,0,6,164,100
ATRIP,275,0,0,0,1.377649808,0,0,0,167,108
CPEB3,265,17,6.41509434,4.043497135,10.03225554,0,0,17,140,108
CD79A,581,0,0,0,0.6568376374,0,0,0,361,220
AURKC,273,0,0,0,1.387602434,0,0,0,169,104
HDAC2,272,0,0,0,1.392632869,0,0,0,188,84
FANCG,302,22,7.284768212,4.859665465,10.78290275,0,0,22,152,128
ELL,262,15,5.72519084,3.499890725,9.230049507,0,0,15,138,109
CCNE1,610,1,0.1639344262,0.02894431543,0.9226790617,0,0,1,280,329
EZR,269,0,0,0,1.407945419,0,0,0,144,125
RAP1GDS1,272,0,0,0,1.392632869,0,0,0,43,229
PRKAR1A,603,71,11.77446103,9.440691878,14.5921847,0,0,71,230,302
FOXO4,265,22,8.301886792,5.546185703,12.24923135,0,0,22,143,100
SEPT9,268,0,0,0,1.413124708,0,0,0,174,94
SFPQ,274,11,4.01459854,2.256232544,7.044560408,0,0,11,112,151
LEF1,264,10,3.787878788,2.070290682,6.831041817,0,0,10,141,113
ATP6V1B2,284,0,0,0,1.334574539,0,0,0,178,106
H1-3,285,0,0,0,1.329954099,0,0,0,0,285
ING1,266,0,0,0,1.423598448,0,0,0,195,71
PWWP2A,280,0,0,0,1.353381862,0,0,0,147,133
FOXN4,264,0,0,0,1.434228606,0,0,0,161,103
ASPSCR1,264,0,0,0,1.434228606,0,0,0,150,114
PATZ1,261,22,8.429118774,5.632205573,12.43198235,0,0,22,134,105
FANCE,299,35,11.70568562,8.538194512,15.84468196,0,0,35,107,157
HLA-C,357,0,0,0,1.064583552,0,0,0,172,185
KCNJ5,262,0,0,0,1.445018711,0,0,0,191,71
IGF2BP2,261,8,3.0651341,1.561173082,5.930651993,0,0,8,142,111
SLC45A3,262,0,0,0,1.445018711,0,0,0,161,101
SOX10,304,0,0,8.67361738e-17,1.247869223,0,0,0,174,130
DUSP2,326,0,0,0,1.164637955,0,0,0,125,201
SHTN1,266,0,0,0,1.423598448,0,0,0,163,103
POLH,265,1,0.3773584906,0.06664412668,2.106182507,0,0,1,153,111
JUN,573,25,4.363001745,2.972480179,6.361359821,0,0,25,238,310
GATA4,285,0,0,0,1.329954099,0,0,0,118,167
IGF2,569,0,0,0,0.6705972065,0,0,0,348,221
FRS2,292,0,0,0,1.298485627,0,0,0,163,129
CILK1,263,0,0,0,1.43960344,0,0,0,0,263
EIF3E,255,26,10.19607843,7.053435606,14.52017902,0,2,24,144,85
CD276,531,0,0,0,0.7182425291,0,0,0,258,273
ADHFE1,253,0,0,0,1.495653715,0,0,0,139,114
SIRPA,270,10,3.703703704,2.024003752,6.682296208,0,0,10,158,102
FOXO3,276,33,11.95652174,8.641654677,16.31585488,0,0,33,113,130
FBXO31,262,0,0,0,1.445018711,0,0,0,167,95
NCOA4,259,16,6.177606178,3.837959664,9.798191566,0,0,16,144,99
RSPO2,259,10,3.861003861,2.110511844,6.960149584,0,0,10,179,70
STK19,466,91,19.527897,16.18393858,23.37013979,0,91,0,118,257
GNB1,327,17,5.198776758,3.270875281,8.167068124,0,0,17,170,140
CRTC3,257,0,0,0,1.472717887,0,0,0,146,111
WDCP,261,0,0,0,1.450474876,0,0,0,162,99
WWTR1,463,2,0.4319654428,0.1185405443,1.561142927,0,0,2,179,282
MBD4,257,0,0,0,1.472717887,0,0,0,155,102
AURKA,573,0,0,-4.33680869e-17,0.6659470747,0,0,0,274,299
USP1,265,0,0,0,1.428893757,0,0,0,135,130
BABAM2,247,0,0,-8.67361738e-17,1.531428991,0,0,0,152,95
CUL4A,247,0,0,-8.67361738e-17,1.531428991,0,0,0,131,116
CCND2,553,26,4.701627486,3.228446295,6.799804644,0,0,26,255,272
SKI,250,0,0,8.67361738e-17,1.51332995,0,0,0,122,128
BCL7A,279,0,0,8.67361738e-17,1.358166811,0,0,0,168,111
TMEM30A,249,0,0,-8.67361738e-17,1.519315242,0,0,0,160,89
RAD51C,521,33,6.333973129,4.545375677,8.761777873,14,0,19,206,282
EIF1AX,489,0,0,0,0.7794512316,0,0,0,341,148
ZNF384,255,0,0,0,1.484097191,0,0,0,143,112
FGF5,251,0,0,8.67361738e-17,1.50739163,0,0,0,158,93
RFWD3,248,23,9.274193548,6.25942896,13.53137874,0,0,23,123,102
SPRTN,304,0,0,8.67361738e-17,1.247869223,0,0,0,193,111
PRCC,241,0,0,0,1.568957659,0,0,0,162,79
STK40,506,0,0,0,0.7534614446,0,0,0,249,257
MCL1,540,0,0,0,0.7063563762,0,0,0,231,309
CHST11,238,0,0,0,1.588420298,0,0,0,185,53
FANCL,276,0,0,0,1.372726842,0,0,0,71,205
CCN6,271,0,0,8.67361738e-17,1.397699909,0,0,0,107,164
ZNF703,272,0,0,0,1.392632869,0,0,0,88,184
NCKIPSD,243,0,0,0,1.556245389,0,0,0,128,115
ESCO2,265,0,0,0,1.428893757,0,0,0,151,114
H2BC4,257,0,0,0,1.472717887,0,0,0,0,257
HOXB13,478,4,0.8368200837,0.3258904172,2.131652122,0,0,4,238,236
DEK,236,34,14.40677966,10.49629482,19.45743344,0,0,34,102,100
NFE2,262,0,0,0,1.445018711,0,0,0,187,75
AJUBA,250,0,0,8.67361738e-17,1.51332995,0,0,0,137,113
PRMT5,245,0,0,0,1.543737462,0,0,0,142,103
FGF10,264,0,0,0,1.434228606,0,0,0,152,112
TFEB,231,0,0,0,1.635766887,0,0,0,143,88
NDRG1,229,12,5.240174672,3.022683993,8.934576093,0,0,12,120,97
RAD17,251,19,7.569721116,4.899347147,11.51927603,0,0,19,132,100
MYCL,498,1,0.2008032129,0.03545549651,1.128549334,0,0,1,222,275
NT5E,242,0,0,0,1.562575669,0,0,0,150,92
MEF2D,229,0,0,0,1.649817365,0,0,0,128,101
RAD51B,487,31,6.36550308,4.52037615,8.893620903,0,0,31,168,288
SESN1,425,0,0,0,0.8957759894,0,0,0,122,303
MEF2B,518,0,0,0,0.7361352295,0,0,0,332,186
HOXD13,232,0,0,0,1.628831012,0,0,0,143,89
TAL1,223,0,0,0,1.69345535,0,0,0,155,68
BTG2,284,14,4.929577465,2.958843847,8.103307849,0,0,14,176,94
RIT1,470,0,0,0,0.8107055111,0,0,0,6,464
CCT2,232,0,0,0,1.628831012,0,0,0,135,97
HSD17B2,225,0,0,-1.734723476e-16,1.678655101,0,0,0,133,92
IGF1,484,0,0,0,0.7874400077,0,0,0,280,204
SS18,222,0,0,0,1.700953776,0,0,0,100,122
PRKACA,226,0,0,-1.734723476e-16,1.671351566,0,0,0,155,71
MDM4,517,0,0,4.33680869e-17,0.7375485871,0,0,0,246,271
ONECUT2,226,6,2.654867257,1.222305826,5.670035922,0,0,6,138,82
LAG3,225,0,0,-1.734723476e-16,1.678655101,0,0,0,137,88
ARID3B,236,0,0,0,1.601665884,0,0,0,147,89
CHN1,227,0,0,0,1.664111308,0,0,0,131,96
ISX,224,0,0,1.734723476e-16,1.686022746,0,0,0,157,67
NT5C2,242,15,6.198347107,3.791907031,9.973655125,0,0,15,134,93
RAD52,468,0,0,0,0.8141418582,0,0,0,222,246
CBLC,235,0,0,0,1.608371863,0,0,0,128,107
LSM14A,234,0,0,0,1.615134233,0,0,0,166,68
ATP6AP1,233,0,0,0,1.621953707,0,0,0,121,112
XRCC2,443,3,0.6772009029,0.2305712531,1.971878548,0,0,3,244,196
CD70,225,0,0,-1.734723476e-16,1.678655101,0,0,0,132,93
BCL10,483,167,34.57556936,30.47069699,38.92385696,7,0,160,159,157
SEPT6,218,0,0,1.734723476e-16,1.731623494,0,0,0,138,80
PHF1,217,0,0,-1.734723476e-16,1.73946452,0,0,0,137,80
CANT1,217,0,0,-1.734723476e-16,1.73946452,0,0,0,133,84
ECSIT,224,0,0,1.734723476e-16,1.686022746,0,0,0,139,85
PAG1,222,0,0,0,1.700953776,0,0,0,146,76
MUC1,216,0,0,0,1.747376878,0,0,0,102,114
ARID3C,230,0,0,0,1.642762083,0,0,0,133,97
MAPK1,451,64,14.19068736,11.27198141,17.71426342,0,56,8,195,192
ACKR3,223,2,0.8968609865,0.246297184,3.210504259,0,0,2,172,49
RASGEF1A,213,0,0,0,1.771551825,0,0,0,127,86
PHF19,213,0,0,0,1.771551825,0,0,0,125,88
RIOK2,211,0,0,-1.734723476e-16,1.788043538,0,0,0,128,83
SMARCE1,261,23,8.812260536,5.943774324,12.87558237,6,0,17,103,135
DUSP4,381,0,0,8.67361738e-17,0.9981925628,0,0,0,161,220
ARID3A,218,7,3.211009174,1.563952091,6.478484574,0,0,7,127,84
IFNAR1,222,0,0,0,1.700953776,0,0,0,123,99
H3-5,443,0,0,8.67361738e-17,0.8596916747,0,0,0,0,443
ETV4,241,15,6.22406639,3.807792536,10.01399197,0,0,15,119,107
NR2F2,204,0,0,0,1.848263981,0,0,0,127,77
RPN1,221,0,0,0,1.708518901,0,0,0,118,103
TRIB3,213,0,0,0,1.771551825,0,0,0,149,64
ART1,208,0,0,0,1.813364977,0,0,0,135,73
RRAGC,394,0,0,0,0.9655752902,0,0,0,127,267
CRBN,220,0,0,0,1.71615162,0,0,0,118,102
PDGFB,207,0,0,0,1.821965586,0,0,0,127,80
ARID5A,213,0,0,0,1.771551825,0,0,0,116,97
TRAF5,211,0,0,-1.734723476e-16,1.788043538,0,0,0,126,85
POU3F2,208,0,0,0,1.813364977,0,0,0,115,93
ICOSLG,426,0,0,0,0.8936920211,0,0,0,231,195
MSI2,371,0,0,0,1.02482229,0,0,0,134,237
D2HGDH,205,0,0,0,1.839413899,0,0,0,145,60
PRRX1,200,0,0,0,1.884532638,0,0,0,147,53
PTK6,205,5,2.43902439,1.046203107,5.581532066,0,0,5,37,163
AGK,212,0,0,0,1.779759478,0,0,0,132,80
CTLA4,409,27,6.601466993,4.576257761,9.434316416,0,0,27,214,168
PDK1,233,0,0,0,1.621953707,0,0,0,123,110
DNAJB1,413,0,0,0,0.92156352,0,0,0,164,249
BCL2L11,419,0,0,0,0.9084867958,0,0,0,253,166
MAPK3,413,0,0,0,0.92156352,0,0,0,184,229
SQSTM1,198,0,0,0,1.903206033,0,0,0,107,91
KLK2,200,0,0,0,1.884532638,0,0,0,120,80
LTB,214,0,0,0,1.763419526,0,0,0,124,90
EPCAM,401,0,0,8.67361738e-17,0.948879799,0,0,0,147,254
NAB2,201,17,8.457711443,5.347491072,13.12604404,0,0,17,101,83
RSPO3,199,3,1.507537688,0.5140002904,4.337798192,0,0,3,124,72
HLF,198,0,0,0,1.903206033,0,0,0,123,75
CRLF2,463,0,0,0,0.8228615407,0,0,0,243,220
KMT5A,372,0,0,0,1.022095549,0,0,0,176,196
ABRAXAS1,416,0,0,0,0.9149784377,0,0,0,186,230
RPS6KB1,199,0,0,1.734723476e-16,1.893823306,0,0,0,107,92
DDX6,193,0,0,0,1.95154966,0,0,0,95,98
BAX,191,91,47.64397906,40.67742313,54.70343674,0,0,91,51,49
PPP4R2,370,0,0,0,1.027563618,0,0,0,139,231
BABAM1,347,0,0,0,1.094927274,0,0,0,115,232
AURKB,440,0,0,0,0.8655024771,0,0,0,226,214
POU2AF1,190,5,2.631578947,1.129176501,6.011431553,0,0,5,91,94
YY1,190,0,0,0,1.981752946,0,0,0,117,73
IRF1,228,0,0,0,1.65693351,0,0,0,116,112
HOXC13,186,0,0,0,2.023508903,0,0,0,123,63
SSX1,190,0,0,0,1.981752946,0,0,0,94,96
APOBEC3B,193,0,0,0,1.95154966,0,0,0,120,73
H3C2,404,0,0,8.67361738e-17,0.9419000294,0,0,0,0,404
TRIP13,234,0,0,0,1.615134233,0,0,0,122,112
SETD4,200,0,0,0,1.884532638,0,0,0,122,78
PTPN1,207,0,0,0,1.821965586,0,0,0,130,77
VTCN1,390,0,0,8.67361738e-17,0.9753820312,0,0,0,176,214
CCNQ,343,0,0,8.67361738e-17,1.107554683,0,0,0,119,224
PPP2R2A,218,0,0,1.734723476e-16,1.731623494,0,0,0,25,193
DDB2,186,16,8.602150538,5.364190608,13.51548881,0,0,16,80,90
SS18L1,181,0,0,0,2.078245241,0,0,0,102,79
TRIM27,186,0,0,0,2.023508903,0,0,0,106,80
FGF19,422,0,0,-8.67361738e-17,0.9020866196,0,0,0,168,254
NACA,192,0,0,0,1.961514607,0,0,0,66,126
BCL3,185,0,0,0,2.034224288,0,0,0,106,79
ABI1,192,9,4.6875,2.485423344,8.667199268,0,0,9,94,89
APEX1,184,0,0,0,2.045053762,0,0,0,92,92
GTF2I,308,17,5.519480519,3.474313854,8.660525101,0,0,17,181,110
TNFRSF9,182,0,0,0,2.067062347,0,0,0,120,62
ERCC1,186,0,0,0,2.023508903,0,0,0,96,90
CLP1,188,0,0,0,2.002413266,0,0,0,134,54
OMD,187,0,0,1.734723476e-16,2.012905814,0,0,0,105,82
FGF4,407,0,0,8.67361738e-17,0.9350221937,0,0,0,190,217
PNRC1,401,0,0,8.67361738e-17,0.948879799,0,0,0,204,197
TFG,186,0,0,0,2.023508903,0,0,0,120,66
GOPC,180,0,0,0,2.089549792,0,0,0,101,79
NTHL1,322,39,12.11180124,8.987890405,16.12906651,0,1,38,126,157
ELK4,175,2,1.142857143,0.3139742112,4.070612491,0,0,2,99,74
IL2RA,181,0,0,0,2.078245241,0,0,0,116,65
SDHB,396,80,20.2020202,16.54242565,24.43418026,29,0,51,113,203
HDAC1,194,0,0,0,1.94168545,0,0,0,96,98
TCL1A,184,0,0,0,2.045053762,0,0,0,118,66
TLX3,173,0,0,0,2.17226144,0,0,0,108,65
DKK1,177,0,0,1.734723476e-16,2.124213577,0,0,0,125,52
MGMT,174,13,7.471264368,4.417947281,12.36186268,0,0,13,92,69
PIGA,187,0,0,1.734723476e-16,2.012905814,0,0,0,105,82
PTPN2,183,0,0,0,2.055999158,0,0,0,115,68
SH3GL1,177,1,0.5649717514,0.09980110259,3.130353564,0,0,1,90,86
H3-4,349,0,0,0,1.088720932,0,0,0,0,349
CDK4,405,69,17.03703704,13.68935464,21.00415693,29,34,6,189,147
CDKN2C,403,45,11.1662531,8.450639294,14.61521518,0,0,45,122,236
CCR7,175,0,0,1.734723476e-16,2.147968847,0,0,0,122,53
NKX3-1,351,0,0,-8.67361738e-17,1.082584553,0,0,0,182,169
VEGFA,374,0,0,8.67361738e-17,1.016685367,0,0,0,5,369
FANCF,197,7,3.553299492,1.731685809,7.151668716,0,0,7,77,113
HFE,167,0,0,0,2.248551872,0,0,0,103,64
CDK6,383,0,0,0,0.9930318308,0,0,0,176,207
CCR4,168,9,5.357142857,2.843692683,9.866545563,0,0,9,98,61
SIX2,169,0,0,0,2.222533209,0,0,0,107,62
MLF1,173,4,2.312138728,0.9027339055,5.793353595,0,0,4,25,144
S1PR2,186,0,0,0,2.023508903,0,0,0,101,85
CASP9,170,12,7.058823529,4.083741895,11.93168907,0,0,12,88,70
FOXR1,173,0,0,0,2.17226144,0,0,0,106,67
SFRP2,168,0,0,0,2.235466835,0,0,0,126,42
MKNK1,169,0,0,0,2.222533209,0,0,0,102,67
H2BC5,346,0,0,0,1.098057055,0,0,0,0,346
SFRP1,167,0,0,0,2.248551872,0,0,0,98,69
H3-3B,346,0,0,0,1.098057055,0,0,0,0,346
FGF7,173,0,0,0,2.17226144,0,0,0,112,61
DUSP9,167,0,0,0,2.248551872,0,0,0,98,69
SETD7,178,0,0,0,2.112531898,0,0,0,111,67
H2BC12,182,0,0,0,2.067062347,0,0,0,0,182
CDX2,162,27,16.66666667,11.71448169,23.16308103,0,0,27,73,62
SIX1,171,0,0,0,2.197109797,0,0,0,107,64
H2AC6,172,0,0,0,2.184614963,0,0,0,0,172
ID3,438,81,18.49315068,15.1366552,22.39749998,0,0,81,166,191
RPL10,159,5,3.144654088,1.350538616,7.149421357,0,0,5,97,57
TCEA1,162,0,0,0,2.316344084,0,0,0,83,79
PRSS8,182,0,0,0,2.067062347,0,0,0,80,102
KDM5D,179,0,0,1.734723476e-16,2.100977998,0,0,0,99,80
KLF6,160,15,9.375,5.763800695,14.89120266,0,0,15,81,64
ZNF24,169,0,0,0,2.222533209,0,0,0,101,68
RYBP,317,0,0,0,1.197307491,0,0,0,145,172
HERPUD1,151,0,0,1.734723476e-16,2.480898107,0,0,0,88,63
HOXD11,159,4,2.51572327,0.9825669524,6.289204565,0,0,4,77,78
FCGR2B,156,0,0,1.734723476e-16,2.403293144,0,0,0,89,67
EPOR,157,0,0,-1.734723476e-16,2.388351143,0,0,0,76,81
CEP43,155,0,0,0,2.418423281,0,0,0,0,155
ASCL1,148,0,0,0,2.529914327,0,0,0,87,61
BCL2L12,149,18,12.08053691,7.779726295,18.28745412,0,17,1,65,66
DCUN1D1,316,0,0,0,1.201050932,0,0,0,136,180
RRAS,275,0,0,0,1.377649808,0,0,0,108,167
SEPT5,151,0,0,1.734723476e-16,2.480898107,0,0,0,91,60
CCNB1IP1,148,11,7.432432432,4.200570312,12.81814053,0,0,11,90,47
ATF1,147,0,0,1.734723476e-16,2.546686336,0,0,0,71,76
HOXA11,147,20,13.60544218,8.98308731,20.08150751,0,0,20,66,61
UBE2A,144,0,0,1.734723476e-16,2.598363714,0,0,0,70,74
XBP1,162,0,0,0,2.316344084,0,0,0,66,96
NHERF1,143,0,0,0,2.616058742,0,0,0,0,143
XRCC3,148,0,0,0,2.529914327,0,0,0,63,85
RAC2,262,0,0,0,1.445018711,0,0,0,138,124
FSTL1,144,0,0,1.734723476e-16,2.598363714,0,0,0,98,46
PDCD1LG2,282,4,1.418439716,0.5529494302,3.589717232,0,0,4,99,179
FOLR1,145,0,0,0,2.580906457,0,0,0,98,47
MDH2,146,6,4.109589041,1.89685183,8.675294854,0,0,6,74,66
RAD51D,308,2,0.6493506494,0.1782563666,2.336309481,0,0,2,12,294
EGFL7,295,0,0,0,1.285450431,0,0,0,119,176
MNX1,144,0,0,1.734723476e-16,2.598363714,0,0,0,82,62
SETD6,152,0,0,1.734723476e-16,2.464978735,0,0,0,83,69
FGF9,142,0,0,0,2.633996431,0,0,0,93,49
MTHFD2,141,0,0,1.734723476e-16,2.652181808,0,0,0,89,52
RNASEH2B,141,0,0,1.734723476e-16,2.652181808,0,0,0,84,57
TLX1,142,0,0,0,2.633996431,0,0,0,76,66
IL10,293,0,0,-8.67361738e-17,1.294111286,0,0,0,163,130
DKK3,143,0,0,0,2.616058742,0,0,0,85,58
H2BC8,146,0,0,0,2.563682208,0,0,0,0,146
MTAP,181,0,0,0,2.078245241,0,0,0,86,95
BTLA,139,0,0,1.734723476e-16,2.68931643,0,0,0,77,62
FBXW2,137,0,0,1.734723476e-16,2.727505702,0,0,0,87,50
FEN1,137,6,4.379562044,2.022416258,9.225307923,0,0,6,63,68
PPP1CB,148,0,0,0,2.529914327,0,0,0,95,53
HOXA9,135,4,2.962962963,1.158145672,7.370617222,0,0,4,74,57
MAF,140,0,0,0,2.670620037,0,0,0,92,48
RAD51,313,0,0,0,1.212423032,0,0,0,39,274
DKK4,138,0,0,0,2.708276447,0,0,0,81,57
CD74,139,0,0,1.734723476e-16,2.68931643,0,0,0,74,65
CD28,145,0,0,0,2.580906457,0,0,0,95,50
AAMP,136,0,0,0,2.747009973,0,0,0,68,68
TPM3,136,9,6.617647059,3.520317151,12.09841209,0,0,9,67,60
OLIG2,135,15,11.11111111,6.850037602,17.52413644,0,0,15,51,69
HTATIP2,134,0,0,0,2.786867502,0,0,0,18,116
VEGFB,133,0,0,0,2.807233169,0,0,0,84,49
CD274,304,18,5.921052632,3.777819174,9.164381325,0,0,18,118,168
BBC3,279,0,0,8.67361738e-17,1.358166811,0,0,0,99,180
HOXC11,135,0,0,0,2.766795202,0,0,0,77,58
CRKL,299,0,0,8.67361738e-17,1.268471905,0,0,0,129,170
SH2D1A,273,2,0.7326007326,0.2011359892,2.631336739,0,0,2,148,123
RNASEH2A,129,0,0,0,2.891761996,0,0,0,84,45
GREM1,272,0,0,0,1.392632869,0,0,0,132,140
RAB35,257,0,0,0,1.472717887,0,0,0,131,126
JAZF1,129,0,0,0,2.891761996,0,0,0,71,58
GNA12,133,0,0,0,2.807233169,0,0,0,86,47
ATG5,139,0,0,1.734723476e-16,2.68931643,0,0,0,91,48
LHFPL6,126,0,0,0,2.958576448,0,0,0,90,36
TIGAR,130,0,0,1.734723476e-16,2.870156119,0,0,0,79,51
GOLPH3,130,0,0,1.734723476e-16,2.870156119,0,0,0,84,46
TTL,135,0,0,0,2.766795202,0,0,0,71,64
TPMT,125,0,0,1.734723476e-16,2.981539371,0,0,0,57,68
AIP,128,0,0,0,2.913695627,0,0,0,76,52
KDSR,126,0,0,0,2.958576448,0,0,0,68,58
LASP1,128,0,0,0,2.913695627,0,0,0,68,60
HOXA13,124,0,0,0,3.004861534,0,0,0,71,53
MAFB,130,0,0,1.734723476e-16,2.870156119,0,0,0,71,59
CREB1,123,0,0,0,3.028551435,0,0,0,68,55
LMO1,276,0,0,0,1.372726842,0,0,0,121,155
FGF8,123,0,0,0,3.028551435,0,0,0,29,94
HEY1,122,0,0,0,3.052617839,0,0,0,26,96
SRSF3,120,0,0,0,3.101916642,0,0,0,78,42
RHOH,121,1,0.826446281,0.1460373385,4.53306436,0,0,1,83,37
TMEM127,249,15,6.024096386,3.68431491,9.700143074,0,0,15,88,146
CASP3,120,11,9.166666667,5.195718285,15.67084697,0,0,11,73,36
FEV,119,0,0,0,3.127168024,0,0,0,36,83
SET,121,0,0,0,3.077069795,0,0,0,65,56
YWHAE,117,8,6.837606838,3.505171057,12.91424246,0,0,8,71,38
SOCS3,121,0,0,0,3.077069795,0,0,0,85,36
FHIT,116,3,2.586206897,0.8833887872,7.328676484,0,0,3,73,40
LMO2,115,2,1.739130435,0.4782352363,6.120016669,0,0,2,20,93
H2AC17,130,0,0,1.734723476e-16,2.870156119,0,0,0,0,130
H2BC11,116,0,0,0,3.20545065,0,0,0,0,116
GID4,127,0,0,0,2.935964529,0,0,0,64,63
SBDS,115,4,3.47826087,1.360784279,8.603296386,0,0,4,54,57
TACSTD2,121,0,0,0,3.077069795,0,0,0,51,70
H2AC11,120,0,0,0,3.101916642,0,0,0,0,120
POU5F1,111,0,0,0,3.345010469,0,0,0,70,41
CDC42,199,0,0,1.734723476e-16,1.893823306,0,0,0,95,104
CREM,113,0,0,-3.469446952e-16,3.287753217,0,0,0,75,38
SOCS2,112,0,0,3.469446952e-16,3.316134707,0,0,0,71,41
SCG5,135,0,0,0,2.766795202,0,0,0,62,73
BCL2L1,237,0,0,0,1.595015592,0,0,0,114,123
UCHL1,109,0,0,3.469446952e-16,3.404297375,0,0,0,57,52
PDPK1,226,0,0,-1.734723476e-16,1.671351566,0,0,0,108,118
MAL2,107,0,0,0,3.465723802,0,0,0,70,37
TCL1B,108,0,0,0,3.434735975,0,0,0,71,37
TFPT,106,0,0,0,3.497275857,0,0,0,75,31
CDKN2B,252,0,0,0,1.501499733,0,0,0,133,119
RHEB,214,16,7.476635514,4.654248016,11.79875364,0,0,16,94,104
SOX21,106,5,4.716981132,2.031407296,10.56989914,0,0,5,44,57
EIF2B1,110,0,0,0,3.37439353,0,0,0,61,49
SDC4,110,4,3.636363636,1.423031083,8.978679281,0,0,4,61,45
APH1A,106,0,0,0,3.497275857,0,0,0,69,37
EIF4E,208,0,0,0,1.813364977,0,0,0,2,206
KLF2,142,0,0,0,2.633996431,0,0,0,52,90
TNFRSF17,100,1,1,0.1767432064,5.448619618,0,0,1,56,43
MAD2L2,126,0,0,0,2.958576448,0,0,0,67,59
AKT1S1,102,0,0,0,3.629446215,0,0,0,16,86
H3C4,207,0,0,0,1.821965586,0,0,0,0,207
FADD,99,0,0,0,3.735321207,0,0,0,56,43
IL3,98,0,0,0,3.771999012,0,0,0,70,28
XPA,105,8,7.619047619,3.911065243,14.31862318,3,0,5,61,36
NUTM2A,102,0,0,0,3.629446215,0,0,0,52,50
S100A7,99,0,0,0,3.735321207,0,0,0,70,29
VTI1A,97,0,0,0,3.809404253,0,0,0,50,47
TYMS,100,0,0,0,3.699349821,0,0,0,55,45
SDHC,215,14,6.511627907,3.918115933,10.6318962,6,0,8,66,135
CCNC,101,7,6.930693069,3.397532777,13.62002785,0,0,7,54,40
CENPA,195,0,0,1.734723476e-16,1.931920457,0,0,0,96,99
GSTP1,95,0,0,0,3.886485354,0,0,0,53,42
NQO1,99,3,3.03030303,1.035863958,8.533680206,0,0,3,50,46
H3C6,188,0,0,0,2.002413266,0,0,0,0,188
RAP1B,99,11,11.11111111,6.318563454,18.8089086,0,0,11,53,35
IL2,97,0,0,0,3.809404253,0,0,0,55,42
PTP4A1,179,0,0,1.734723476e-16,2.100977998,0,0,0,58,121
FGF2,93,0,0,0,3.966750261,0,0,0,47,46
TMSB4X,99,0,0,0,3.735321207,0,0,0,51,48
H3-3A,204,0,0,0,1.848263981,0,0,0,0,204
H3C3,185,0,0,0,2.034224288,0,0,0,0,185
CTDNEP1,90,0,0,0,4.093562556,0,0,0,58,32
BAALC,94,0,0,0,3.926207629,0,0,0,13,81
BIRC5,91,0,0,0,4.050400393,0,0,0,31,60
SDHAF2,188,8,4.255319149,2.171755534,8.17087788,0,0,8,97,83
MOB3B,96,0,0,0,3.847558786,0,0,0,57,39
TPM4,94,0,0,0,3.926207629,0,0,0,14,80
ARFRP1,100,0,0,0,3.699349821,0,0,0,53,47
FGF1,90,0,0,0,4.093562556,0,0,0,57,33
CAV1,83,0,0,0,4.423530964,0,0,0,48,35
GSTO1,83,0,0,0,4.423530964,0,0,0,45,38
PAFAH1B2,84,0,0,0,4.373172841,0,0,0,49,35
H3C8,167,0,0,0,2.248551872,0,0,0,0,167
DDIT3,86,0,0,0,4.275819729,0,0,0,11,75
SDHD,180,6,3.333333333,1.536479098,7.080434041,1,1,4,78,96
NUTM2D,79,0,0,0,4.637121165,0,0,0,44,35
FSTL3,77,2,2.597402597,0.7152159808,8.98458278,0,0,2,42,33
H4C6,78,0,0,3.469446952e-16,4.693780971,0,0,0,0,78
PSMB2,76,0,0,3.469446952e-16,4.811358507,0,0,0,49,27
BCL2L2,86,0,0,0,4.275819729,0,0,0,53,33
H3C11,153,0,0,0,2.449262363,0,0,0,0,153
H3C12,150,0,0,0,2.497024437,0,0,0,0,150
CHIC2,71,0,0,0,5.13279522,0,0,0,42,29
LYL1,74,0,0,3.469446952e-16,4.93497794,0,0,0,34,40
H2BC17,71,0,0,0,5.13279522,0,0,0,0,71
ELOC,135,2,1.481481481,0.4072203419,5.240558706,0,0,2,71,62
YPEL5,68,0,0,0,5.347133652,0,0,0,46,22
CNBP,69,2,2.898550725,0.7985202692,9.966583763,0,0,2,16,51
GADD45B,63,0,0,0,5.747119959,0,0,0,24,39
ID1,62,0,0,0,5.83440721,0,0,0,31,31
H3C13,127,0,0,0,2.935964529,0,0,0,0,127
H3C10,118,0,0,0,3.152833902,0,0,0,0,118
NUTM2B,62,0,0,0,5.83440721,0,0,0,7,55
RPS15,59,0,0,0,6.112937053,0,0,0,39,20
CHCHD7,56,0,0,6.938893904e-16,6.419393672,0,0,0,14,42
PTH,57,0,0,0,6.313883485,0,0,0,38,19
HMGA2,61,0,0,0,5.92438679,0,0,0,28,33
MLLT11,59,0,0,0,6.112937053,0,0,0,42,17
COX6C,58,0,0,0,6.211785579,0,0,0,39,19
H4C9,55,0,0,0,6.528490112,0,0,0,0,55
TAL2,51,7,13.7254902,6.811101735,25.72169226,0,0,7,26,18
LEPROTL1,54,11,20.37037037,11.77405409,32.90230669,0,0,11,10,33
MTCP1,51,0,0,0,7.00466199,0,0,0,36,15
H2AC16,48,0,0,0,7.410012967,0,0,0,0,48
CDKN1C,48,1,2.083333333,0.3687110978,10.899218,0,0,1,16,31
MDS2,46,0,0,0,7.707356309,0,0,0,19,27
CHTF8,43,0,0,0,8.200980323,0,0,0,24,19
SUB1,48,0,0,0,7.410012967,0,0,0,23,25
H3C1,82,0,0,0,4.475062369,0,0,0,0,82
RMI2,39,0,0,6.938893904e-16,8.966685371,0,0,0,22,17
MAP3K14,80,0,0,0,4.581812954,0,0,0,0,80
SSX4,37,5,13.51351351,5.913294426,27.97741178,0,0,5,16,16
CKS1B,35,0,0,0,9.890099232,0,0,0,20,15
EXOSC6,35,0,0,0,9.890099232,0,0,0,9,26
TNFSF13,38,0,0,6.938893904e-16,9.180986823,0,0,0,15,23
PMAIP1,63,0,0,0,5.747119959,0,0,0,22,41
SERP2,28,0,0,1.387778781e-15,12.06433048,0,0,0,14,14
HMGA1,24,0,0,0,13.79762047,0,0,0,7,17
C15orf65,20,0,0,0,16.11251581,0,0,0,2,18
SSX2,6,0,0,0,39.03342879,0,0,0,0,6
TMSB4XP8,5,0,0,0,43.44824648,0,0,0,0,5
NBEAP1,5,0,0,0,43.44824648,0,0,0,0,5
RNF217-AS1,2,0,0,0,65.76197725,0,0,0,0,2
HMGN2P46,1,0,0,0,79.34506856,0,0,0,0,1
TRA,1,0,0,0,79.34506856,0,0,0,0,1
